image_name,boxratio,interoc,interoc_norm,boxsize/interoc,baby
ads/1072.Still005.jpg,1.159611344,489.3148271,0.523713734,1538.484578,1
ads/13555.Still049.jpg,1.520574033,203.9607805,0.501443251,533.6660648,1
ads/14287.Still051.jpg,1.244694708,210.1166343,0.607294507,457.720257,1
ads/14753.Still054.jpg,1.048129755,79.62411695,0.239321339,1326.621609,1
ads/14998.Still056.jpg,1.371063365,416.3904418,0.656395295,704.8753355,1
ads/1525.Still009.jpg,1.452865615,197.90907,0.572533259,415.5987065,1
ads/15454.Still059.jpg,1.458375649,207.5427667,0.528310508,509.8703011,1
ads/15572.Still061.jpg,1.147902056,181.6039647,0.471139997,712.7226345,1
ads/17889.Still065.jpg,1.24265631,385.4205495,0.551174777,1020.952583,1
ads/19020.Still068.jpg,1.584384092,663.471175,0.569911369,1289.332799,1
ads/19251.Still070.jpg,0.831673196,39.45883931,0.173959046,1567.575688,1
ads/19354.Still071.jpg,1.377291404,234.173013,0.455084785,821.08352,1
ads/19388.Still072.jpg,1.197654327,79.62411695,0.4357795,350.773393,1
ads/19725.Still074.jpg,1.026805698,151.1191583,0.336293847,1301.369694,1
ads/19920.Still075.jpg,1.248604417,295.0610106,0.719444118,456.5678066,1
ads/20325.Still076.jpg,1.115330095,323.1098884,0.461077021,1362.730045,1
ads/22117.Still077.jpg,1.310290747,359.8277366,0.574079845,833.2773732,1
ads/22214.Still078.jpg,1.149023279,107.3359213,0.646264012,223.7176559,1
ads/22660.Still079.jpg,1.426288527,273.490402,0.513783977,726.4511921,1
ads/28658.Still080.jpg,1.137358554,302.8745615,0.595538983,750.8641142,1
ads/29694.Still082.jpg,1.125947293,75.92759709,0.340177803,582.8662325,1
ads/31065.Still083.jpg,1.128318827,434.3696582,0.774724795,641.4071321,1
ads/31286.Still084.jpg,1.347066982,379.5918861,0.615481155,743.8869836,1
ads/31633.Still085.jpg,1.350501624,417.310436,0.556128067,999.1637553,1
ads/32270.Still088.jpg,1.321681136,243.3783063,0.424088288,1023.971346,1
ads/32339.Still089.jpg,1.320197926,348.1795514,0.515275551,993.3111169,1
ads/33613.Still090.jpg,1.19618358,628.3709096,0.629661668,1324.984244,1
ads/33678.Still091.jpg,1.31833837,391.287618,0.671224371,658.7701836,1
ads/3407.Still011.jpg,1.108140726,325.184563,0.710065576,582.0406068,1
ads/37213.Still095.jpg,1.441033286,238.6629422,0.604492987,453.2443247,1
ads/3746.Still013.jpg,1.251069397,330.4375887,0.668362007,591.2814545,1
ads/37527.Still096.jpg,1.236094455,333.7019628,0.474574522,1198.669451,1
ads/37632.Still097.jpg,1.305180604,235.6819891,0.365920914,1348.620719,1
ads/39733.Still100.jpg,1.230039856,558.8130278,0.699707823,927.9438268,1
ads/39947.Still101.jpg,1.280264059,232.1421978,0.719647815,350.1349238,1
ads/40124.Still102.jpg,1.262504343,293.8247777,0.6059623,633.8666261,1
ads/41066.Still103.jpg,1.162569063,106.2308806,0.473789342,407.0647276,1
ads/41981.Still107.jpg,1.175598284,259.4224354,0.562223625,698.187541,1
ads/42120.Still108.jpg,1.198327211,43.46262762,0.357131637,284.5879523,1
ads/42322.Still110.jpg,1.143266378,254.5309411,0.713852094,436.8946003,1
ads/4310.Still025.jpg,1.158325859,369.3047522,0.726304753,604.3894312,1
ads/4330.Still016.jpg,1.208019321,276.5863337,0.680716583,494.1830303,1
ads/43324.Still112.jpg,1.246486814,206.1843835,0.507407902,642.4836344,1
ads/43849.Still114.jpg,1.193949069,186.3866948,0.74255954,283.1302929,1
ads/44066.Still115.jpg,1.575028077,105.3850084,0.592430166,190.6631399,1
ads/44211.Still116.jpg,1.286782347,236.29854,0.654173641,429.2126617,1
ads/4457.Still019.jpg,1.23137206,142.8880681,0.516177621,435.8212337,1
ads/44689.Still117.jpg,1.239824483,505.0346523,0.610488041,1092.971666,1
ads/44755.Still118.jpg,1.348305082,546.5976582,0.69318938,843.6785077,1
ads/44812.Still120.jpg,1.312142212,271.0461215,0.681692838,444.5133923,1
ads/44855.Still121.jpg,1.257640775,355.1858668,0.662723009,643.0356109,1
ads/44975.Still122.jpg,1.430734646,501.0488998,0.578527765,1046.345705,1
ads/45429.Still124.jpg,1.373161599,206.0097085,0.643768524,362.0327986,1
ads/45431.Still125.jpg,1.49304932,211.1516043,0.646593558,338.2998232,1
ads/45434.Still126.jpg,1.261065994,203.039405,0.688303332,339.857795,1
ads/45437.Still127.jpg,1.276373097,205.0390207,0.655630988,373.7263756,1
ads/45440.Still128.jpg,1.333153842,204.1568025,0.661914802,349.5464991,1
ads/45449.Still131.jpg,1.324197548,213.0093895,0.641605314,390.7599736,1
ads/45467.Still135.jpg,1.278968911,206.0388313,0.669141994,359.8327677,1
ads/45674.Still141.jpg,1.312171848,184.5318401,0.618532976,367.584017,1
ads/45903.Still142.jpg,1.27574224,172.5398505,0.657195143,313.1403051,1
ads/46387.Still144.jpg,1.332385234,320.0062499,0.59134418,686.835479,1
ads/48527.Still147.jpg,1.285835381,79.81227976,0.679092294,134.5943366,1
ads/5058.Still024.jpg,1.320419163,310.4400103,0.543452173,796.0822226,1
ads/51630.Still149.jpg,1.017391932,300.4862726,0.442769931,1506.580521,1
ads/51802.Still150.jpg,1.070280548,181.5736765,0.38502252,1144.439849,1
ads/5190.Still028.jpg,1.40258116,265.2112366,0.68276798,405.6273889,1
ads/5239.Still029.jpg,1.141467454,492.4276597,0.615489433,1138.776425,1
ads/5307.Still030.jpg,0.915229255,105.3802638,0.224354971,2287.286312,1
ads/53369.Still151.jpg,1.087110634,154.4344521,0.360986659,1090.220837,1
ads/54390.Still152.jpg,1.433774211,101.0198,0.609418105,189.7410091,1
ads/55322.Still156.jpg,1.187349028,530.1820442,0.729398217,839.301118,1
ads/55365.Still157.jpg,1.386247262,441.0215414,0.646465941,761.2551481,1
ads/55574.Still160.jpg,1.221305885,290.1396216,0.694336106,492.7996718,1
ads/58937.Still161.jpg,1.477894418,391.3272288,0.49753498,1069.837099,1
ads/59803.Still162.jpg,1.223238464,406.4886222,0.676017078,727.1525757,1
ads/60711.Still163.jpg,1.263607781,575.9513868,0.7246626,868.1152921,1
ads/60863.Still165.jpg,1.519735846,406.7247226,0.583126059,787.2122098,1
ads/61886.Still169.jpg,1.224676957,365.7239396,0.59566673,841.7306647,1
ads/62296.Still170.jpg,1.267889454,226.0486673,0.649381602,422.8387797,1
ads/62364.Still171.jpg,1.249884382,133.3304166,0.385231011,719.2272717,1
ads/63268.Still177.jpg,0.787922831,135.9779394,0.416199691,994.2698041,1
ads/63496.Still179.jpg,1.217933514,711.4506308,0.680521902,1261.369549,1
ads/67799.Still182.jpg,1.198987909,318.788331,0.730686141,497.9960919,1
ads/68303.Still183.jpg,1.546887039,261.1761857,0.728402408,318.2415709,1
ads/6850.Still035.jpg,1.290483216,113.2960723,0.462313777,410.7613936,1
ads/68827.Still184.jpg,1.03871019,75.31268154,0.484700729,308.6871404,1
ads/68842.Still185.jpg,1.372285803,196.5960325,0.53951902,492.2131884,1
ads/68951.Still186.jpg,1.221999256,105.6030303,0.402144613,534.3849418,1
ads/69115.Still187.jpg,1.415248245,71.80529228,0.45096086,249.5321491,1
ads/73307.Still194.jpg,1.193039895,87.86353055,0.370650345,536.0947562,1
ads/73350.Still195.jpg,1.305237048,163.2329624,0.629928415,315.1636224,1
ads/73462.Still196.jpg,1.335189058,170.6282509,0.659160611,294.1318095,1
ads/7499.Still036.jpg,1.247110206,258.4143959,0.366741337,1540.722511,1
ads/7527.Still037.jpg,1.290746217,127.9453008,0.535133567,346.2168603,1
ads/78053.Still198.jpg,1.107256469,296.6749063,0.663042873,609.4676724,1
ads/794.Still005.jpg,1.139298731,287.210724,0.554621102,819.5966323,1
ads/80435.Still208.jpg,1.416031816,230.9025769,0.459166523,773.5407923,1
ads/84284.Still218.jpg,0.963228952,64.25729531,0.243686425,1123.14737,1
ads/84324.Still219.jpg,1.678983493,378.132252,0.422285511,1263.175241,1
ads/84811.Still224.jpg,1.095189396,196.1631974,0.655466383,416.8967353,1
ads/85850.Still226.jpg,1.049703925,512.2821488,0.762172848,840.1098757,1
ads/87367.Still230.jpg,1.265793156,210.447143,0.57598282,501.1429832,1
ads/92827.Still236.jpg,1.190546703,279.1128804,0.61858046,612.7986658,1
google/google-00.png,1.341906247,125.1718818,0.569067655,288.0511945,1
google/google-01.png,1.303535986,315.6383461,0.655074222,564.3026922,1
google/google-02.png,1.139998579,43.829214,0.624566867,98.56027183,1
google/google-03.png,1.223756384,229.6519105,0.64478647,451.4122225,1
google/google-04.png,1.398377482,43.41658669,0.560907154,98.6903365,1
google/google-05.png,1.028826424,235.7774339,0.654593576,534.8447851,1
google/google-06.png,1.157353731,343.1442845,0.543660034,1003.129332,1
google/google-07.png,1.261697889,204.8316382,0.631666651,406.8815438,1
google/google-08.png,1.647619856,494.2987285,0.564785359,940.6416587,1
google/google-09.png,1.284166528,123.1850167,0.630619153,241.3073298,1
google/google-10.png,1.249404963,134.2385936,0.5921502,306.4200143,1
google/google-11.png,1.133055541,80.62257748,0.558972231,227.758706,1
google/google-12.png,1.278981564,250.1192465,0.59769128,547.4398592,1
google/google-13.png,1.313049764,145.523194,0.538494894,382.2050556,1
google/google-14.png,1.0656799,401.498243,0.680337102,813.9778367,1
google/google-15.png,1.16019119,236.3577796,0.5676077,632.3300311,1
google/google-16.png,1.24754702,137.4627222,0.623459497,283.4729353,1
google/google-17.png,1.238678604,100,0.581430036,238.8081326,1
google/google-18.png,1.348218567,270.7803538,0.54564733,674.5873094,1
google/google-19.png,1.18493682,86.97700846,0.592258658,209.2640754,1
google/google-20.png,1.345550477,136.0330842,0.611023609,270.7875933,1
google/google-21.png,1.220721071,52.08646657,0.590545349,122.3495394,1
google/google-22.png,1.424727375,212.0163878,0.627037368,378.5843843,1
google/google-23.png,1.293068044,87.86353055,0.57920551,202.5484673,1
google/google-24.png,1.332916519,202.8595407,0.69905721,311.4349919,1
google/google-25.png,1.279281561,78.06952504,0.65498415,142.2561983,1
google/google-26.png,1.29631515,100.3576153,0.660293634,177.5684409,1
google/google-27.png,1.437173603,265.2719732,0.605955659,502.7166544,1
google/google-28.png,1.299131775,145.145541,0.504833621,438.4058169,1
google/google-29.png,1.409513365,126.6615966,0.574351473,272.4801627,1
google/google-30.png,1.430635998,156.8502471,0.778812512,180.7554092,1
google/google-31.png,1.288865672,168.7589892,0.612206287,349.3736535,1
google/google-32.png,1.213994211,307.3644009,0.615122762,669.1436162,1
google/google-33.png,1.234791624,339.2840649,0.662335011,626.3464543,1
google/google-34.png,1.284838791,226.1194375,0.637704942,432.7902995,1
google/google-35.png,1.177554658,172.0239634,0.630986619,366.9181998,1
google/google-36.png,1.325965859,292.5037325,0.62813803,559.1012091,1
google/google-37.png,1.224965306,90.94052297,0.519290705,275.3098087,1
google/google-38.png,1.37331926,148.0863063,0.529133888,385.1581682,1
google/google-39.png,1.10303275,278.9551717,0.643338714,611.0376303,1
google/google-40.png,1.102095887,160.8092614,0.612160741,389.3832121,1
google/google-41.png,1.263893726,519.1311031,0.65163976,967.2816196,1
google/google-42.png,1.327066415,181.8650415,0.648438095,325.9290959,1
google/google-43.png,1.082134331,286,0.604512356,723.2269688,1
google/google-44.png,1.206643264,93.60555539,0.496566004,314.6098347,1
google/google-45.png,1.24007274,333.3462534,0.607753287,727.7792702,1
google/google-46.png,1.155305623,244.2117262,0.602762329,581.8059927,1
google/google-47.png,1.269448284,109.1650127,0.591021099,246.1855703,1
google/google-48.png,1.346520121,225.095361,0.504166325,657.6697986,1
google/google-49.png,1.276477379,140.2462121,0.627989116,278.6032701,1
google/google-50.png,1.276731488,72.62808987,0.593120825,161.7312741,1
google/google-51.png,1.094236711,323.447059,0.562269502,934.9882279,1
google/google-52.png,1.302235762,202.8102124,0.592731801,443.3110863,1
google/google-53.png,1.456910249,36.93234123,0.55710798,81.6775234,1
google/google-54.png,1.236046216,344.3514841,0.669999209,620.6279643,1
google/google-55.png,1.407670168,934.8456058,0.750986432,1177.57203,1
google/google-56.png,1.303004996,245.2231396,0.598604734,525.2134532,1
google/google-57.png,1.243274087,212.2851855,0.640178104,416.645343,1
google/google-58.png,1.338291363,203.710579,0.576253345,458.4029104,1
google/google-59.png,1.530798084,212.4382263,0.590056081,398.5941871,1
google/google-60.png,1.692715511,151.4265499,0.473674599,398.7123188,1
google/google-61.png,1.171883321,383.5948383,0.635174438,811.3414006,1
google/google-62.png,1.140603991,54.11956833,0.766009224,80.87001449,1
google/google-63.png,1.167998725,593.6358891,0.696176326,1048.67105,1
google/google-64.png,1.086642501,96.04686356,0.65402695,206.6394659,1
google/google-65.png,1.390499455,90.13878189,0.615935981,170.8863685,1
google/google-66.png,1.386776795,168.9511992,0.621150711,315.8340887,1
google/google-67.png,1.269996924,224.0398278,0.634131251,438.7030477,1
google/google-68.png,1.272227796,203.0342249,0.665499492,360.3826935,1
google/google-69.png,1.195363841,105.1903037,0.575554778,265.6491234,1
google/google-70.png,1.496814647,164.4686593,0.695651199,227.0562459,1
google/google-71.png,1.211229287,171.0730838,0.581065832,418.3261726,1
google/google-72.png,1.165140972,467.81712,0.58487794,1173.727603,1
google/google-73.png,1.235509188,387.1404613,0.646690277,749.3206097,1
google/google-74.png,1.485193157,683.3149557,0.605127885,1256.490829,1
google/google-75.png,1.254212941,65.03076195,0.56058562,164.99238,1
google/google-76.png,1.455579963,109,0.489845291,312.1591853,1
google/google-77.png,1.360968082,197.8055517,0.502784925,574.9735402,1
google/google-78.png,1.496937094,310.580859,0.620582852,538.8080666,1
google/google-79.png,1.268364343,245.334686,0.503743464,762.2482272,1
google/google-80.png,1.25246107,233.0060532,0.777091549,308.0765938,1
google/google-81.png,1.310015791,165.2452722,0.631149135,316.6791318,1
google/google-82.png,1.440844045,130.8956907,0.620258227,236.1410995,1
google/google-83.png,1.304322944,217.0023041,0.618730219,434.5919012,1
google/google-84.png,1.322415624,184.6212339,0.512978052,530.6748681,1
google/google-85.png,1.500605838,163.0766691,0.602189245,299.6824446,1
google/google-86.png,1.224271341,154.6311162,0.618189062,330.5038905,1
google/google-87.png,1.314909866,326.0998496,0.638140955,609.010292,1
google/google-88.png,1.28026738,303.9025898,0.664881707,536.9759682,1
google/google-89.png,1.272537114,295.3830925,0.547405543,774.6348541,1
google/google-90.png,0.990263922,205.8498648,0.608095451,562.1548049,1
google/google-91.png,1.3300471,30.52867504,0.464738761,106.2833496,1
google/google-92.png,1.089334567,54.58937626,0.494764091,204.7243519,1
google/google-93.png,1.180718737,160.6032224,0.620661498,353.1060918,1
google/google-94.png,1.310495815,131.5750736,0.60975771,270.0454506,1
google/google-95.png,1.409531864,69.74227098,0.581337232,146.4136667,1
google/google-96.png,1.459997462,142.6344987,0.668084762,218.9134427,1
google/google-97.png,1.228638819,349.6724749,0.697634354,584.7809819,1
google/google-98.png,1.262988324,560.1786,0.580556408,1315.971736,1
google/google-99.png,1.198161978,90.98099411,0.432420045,406.1815231,1
google2/g-00000.jpg,1.640327577,51.4003891,0.427097014,171.9580009,1
google2/g-00001.jpg,1.205424115,181.5323663,0.455063395,727.3741296,1
google2/g-00002.jpg,1.24794243,237.8571,0.704369342,384.1675566,1
google2/g-00003.jpg,1.055764135,210.2807647,0.707689077,397.7096756,1
google2/g-00004.jpg,1.281459866,409.1760013,0.686481459,677.5738799,1
google2/g-00005.jpg,1.42395702,201.0223868,0.680066775,305.2464473,1
google2/g-00006.jpg,1.317048077,246.0894146,0.733280139,347.4980385,1
google2/g-00007.jpg,1.273264494,106.7754653,0.558789433,268.569641,1
google2/g-00008.jpg,1.252207576,79.40403012,0.638308297,155.6368305,1
google2/g-00009.jpg,1.285820493,144.391828,0.78301874,183.1547113,1
google2/g-00010.jpg,1.156175666,359.894429,0.715815445,607.5042457,1
google2/g-00011.jpg,1.402358844,200.0924786,0.748188499,254.8882494,1
google2/g-00012.jpg,1.496544738,104.2017274,0.54928163,230.808559,1
google2/g-00013.jpg,1.198379551,85.88364221,0.535462094,249.9842961,1
google2/g-00014.jpg,1.285861896,160.1998752,0.681862161,267.97242,1
google2/g-00015.jpg,1.633404042,107.0794098,0.558874358,210.0609341,1
google2/g-00016.jpg,1.420264485,171.1432149,0.667671126,270.3372026,1
google2/g-00017.jpg,1.255763481,263.0304165,0.558502324,671.5826178,1
google2/g-00018.jpg,1.27405391,113.6353818,0.639135462,218.3457476,1
google2/g-00019.jpg,1.534930485,92.61209424,0.582546494,177.8186307,1
google2/g-00020.jpg,1.235250178,97.98469268,0.604114642,217.3534764,1
google2/g-00021.jpg,1.327097007,144.8481964,0.571075849,334.6765077,1
google2/g-00022.jpg,1.503675126,192.4266094,0.715732773,249.8173882,1
google2/g-00023.jpg,1.408387402,196.8247952,0.729229071,262.8334162,1
google2/g-00024.jpg,1.232889206,305.2507166,0.603494475,679.832186,1
google2/g-00025.jpg,1.361484148,55.1724569,0.613360065,107.7157186,1
google2/g-00026.jpg,1.21814636,56.5154846,0.383571461,315.4663764,1
google2/g-00027.jpg,1.117172706,319.1002977,0.772714709,478.3756146,1
google2/g-00028.jpg,1.181301144,263.37236,0.622764598,574.860524,1
google2/g-00029.jpg,1.309792718,277.0072201,0.758835204,367.2817401,1
google2/g-00030.jpg,1.303450822,56.85068161,0.575290543,131.7854382,1
google2/g-00031.jpg,1.185813169,77.1621669,0.670723999,144.6440225,1
google2/g-00032.jpg,1.215528291,93.77099765,0.700008777,157.4380445,1
google2/g-00033.jpg,1.270058535,90.04998612,0.667107652,159.3535563,1
google2/g-00034.jpg,1.453744573,219.9863632,0.708889516,301.1347607,1
google2/g-00035.jpg,1.400430419,31.2409987,0.369128787,163.7225142,1
google2/g-00036.jpg,1.332732605,93.29523032,0.512185049,266.8472535,1
google2/g-00037.jpg,1.304488207,34.0147027,0.597028031,73.17316317,1
google2/g-00038.jpg,1.470186668,158.7104281,0.643898888,260.3869641,1
google2/g-00039.jpg,1.407794588,171.9767426,0.657999672,282.1712246,1
google2/g-00040.jpg,1.230472816,809.5338165,0.748349765,1174.816778,1
google2/g-00041.jpg,1.399722327,164.2467656,0.692269916,244.8524064,1
google2/g-00042.jpg,1.335540262,135.3255334,0.804863996,156.4148039,1
google2/g-00043.jpg,1.265198316,92.96235797,0.729901523,137.917803,1
google2/g-00044.jpg,1.274088349,327.2201094,0.591920383,733.1508363,1
google2/g-00045.jpg,1.151109639,161.1117625,0.689916886,294.0471913,1
google2/g-00046.jpg,1.273211122,327,0.695653808,530.7171346,1
google2/g-00047.jpg,1.21196745,120,0.677629216,215.6289931,1
google2/g-00048.jpg,1.39328164,54.58937626,0.481281481,169.1503541,1
google2/g-00049.jpg,1.104091222,34.43835072,0.422282376,174.9678636,1
google2/g-00050.jpg,1.267129306,153.4438008,0.794142766,192.0298035,1
youtube/youtube-00.png,1.551344352,134.1827113,0.560870516,275.0472109,1
youtube/youtube-01.png,1.334828661,312.142271,0.627350453,594.320008,1
youtube/youtube-02.png,1.310287969,301.2319452,0.618175269,601.6058157,1
youtube/youtube-03.png,1.100741131,284.8986662,0.421222013,1458.761886,1
youtube/youtube-04.png,1.351265074,200.8541627,0.487306247,626.0026353,1
youtube/youtube-05.png,1.29697053,392.0380272,0.695575125,624.949798,1
youtube/youtube-06.png,1.344372237,578.4344854,0.672569268,951.177476,1
youtube/youtube-07.png,1.361700486,141.598934,0.564451479,326.3825273,1
youtube/youtube-08.png,1.238774979,324.292344,0.668071713,586.578558,1
youtube/youtube-09.png,1.185640503,190.0736699,0.59533972,452.3153354,1
youtube/youtube-10.png,1.518445078,327.3912033,0.499776596,863.2117477,1
youtube/youtube-11.png,1.24351224,281.8598943,0.567261369,704.4367667,1
youtube/youtube-12.png,1.207504252,238.951878,0.637713785,486.6073132,1
youtube/youtube-13.png,1.455564003,353.1849663,0.666384429,546.4167463,1
youtube/youtube-14.png,1.265673948,159.3894601,0.619579818,328.0539478,1
youtube/youtube-15.png,1.229977473,239.434751,0.637312092,479.3049525,1
youtube/youtube-16.png,1.336797368,242.6440694,0.656662659,420.9393001,1
youtube/youtube-17.png,1.06473886,521.2458382,0.72637792,927.8524441,1
youtube/youtube-18.png,1.57226539,344.9004392,0.660188025,503.3223957,1
youtube/youtube-19.png,1.258021624,532.4903755,0.755390861,741.8103056,1
youtube/youtube-20.png,1.36702969,701.3488597,0.539712146,1761.319108,1
youtube/youtube-21.png,1.201268689,365,0.590155431,872.4126143,1
youtube/youtube-22.png,1.325570948,265.5912976,0.471979011,899.449678,1
youtube/youtube-23.png,1.4771472,290.81782,0.695662951,406.8175683,1
youtube/youtube-24.png,1.38369645,396.0618639,0.578904359,854.0999422,1
youtube/youtube-25.png,1.231543477,195.9311103,0.496062464,646.5359404,1
youtube/youtube-26.png,1.147948321,718.3545025,0.758433744,1087.89716,1
youtube/youtube-27.png,1.301643374,428.7143571,0.592946707,936.8582294,1
youtube/youtube-28.png,1.435237476,293.5523803,0.632298902,511.6004416,1
youtube/youtube-29.png,1.385137084,424.7578401,0.567873915,950.938071,1
youtube/youtube-30.png,1.256558191,429.736068,0.714813911,669.3367306,1
youtube/youtube-31.png,1.29756784,316.7601616,0.614840333,645.7679699,1
youtube/youtube-32.png,1.264524056,265.2413995,0.541126553,716.3356123,1
youtube/youtube-33.png,1.405329081,398.2143561,0.627199345,720.3590539,1
youtube/youtube-34.png,1.272888549,425.7617679,0.668826079,747.7506747,1
youtube/youtube-35.png,1.28260342,320.1869878,0.620579677,648.2227122,1
youtube/youtube-36.png,1.387511455,379.3976623,0.612041917,730.065646,1
youtube/youtube-37.png,1.147090923,397.4222111,0.682567242,743.6635094,1
youtube/youtube-38.png,1.376135207,382.5932857,0.609767949,747.7668779,1
youtube/youtube-39.png,1.29895949,352.0184654,0.658518036,624.9430699,1
youtube/youtube-40.png,1.353313171,395.4099139,0.650101172,691.3472283,1
youtube/youtube-41.png,1.49161871,287.139339,0.550163528,636.0748563,1
youtube/youtube-42.png,1.291943266,201.5465207,0.49956809,625.1110288,1
youtube/youtube-43.png,1.114475104,244.9020212,0.5431818,744.7894753,1
youtube/youtube-44.png,1.418096702,332.0963716,0.604534574,640.8268999,1
youtube/youtube-45.png,1.618007416,408.7688834,0.634325794,627.8748873,1
youtube/youtube-46.png,1.296650666,342.023391,0.515282986,993.6057824,1
youtube/youtube-47.png,1.12497861,266.7755646,0.569719096,730.6040421,1
youtube/youtube-48.png,1.313708781,358.5038354,0.617819374,714.9473319,1
youtube/youtube-49.png,1.188618129,500.2800891,0.645472187,1010.260997,1
youtube/youtube-50.png,1.315500016,367.3434462,0.60257678,769.0605278,1
youtube/youtube-51.png,1.405782746,176.8191166,0.560181537,400.8237861,1
youtube/youtube-52.png,1.623139254,460.2053889,0.548831784,941.3718393,1
youtube/youtube-53.png,1.233304499,583.0562925,0.616449975,1244.085793,1
youtube/youtube-54.png,1.379909,449.9077683,0.622132485,842.3799271,1
youtube/youtube-55.png,1.360018441,119.0504095,0.478105696,382.9479272,1
youtube/youtube-56.png,1.147212073,309.8678677,0.565791458,843.7629908,1
youtube/youtube-57.png,1.420901608,294.253935,0.625627178,529.0941613,1
youtube/youtube-58.png,1.331715423,381.5236939,0.616445808,753.9127763,1
youtube/youtube-59.png,1.331742849,106.51291,0.335800328,709.3272627,1
youtube/youtube-60.png,1.093045577,161.911134,0.466745166,679.9625878,1
youtube/youtube-61.png,1.185632792,274.2325048,0.492898111,952.0409481,1
youtube/youtube-62.png,1.386055792,247.3412471,0.658692012,411.3058349,1
youtube/youtube-63.png,1.43878091,288.6943287,0.611381756,536.8084207,1
youtube/youtube-64.png,1.160053083,368.4761606,0.586531238,923.491207,1
youtube/youtube-65.png,1.354132789,164.2224102,0.553218769,396.2690689,1
youtube/youtube-66.png,1.328083463,235.3316808,0.617862968,464.2040821,1
youtube/youtube-67.png,1.238877134,290.4707762,0.601655975,647.7059316,1
youtube/youtube-68.png,1.471482511,182.84582,0.531152828,440.6495404,1
youtube/youtube-69.png,1.079869904,427.4970726,0.646842502,946.1710794,1
youtube/youtube-70.png,1.296435687,220.8178349,0.666951013,382.9730489,1
youtube/youtube-71.png,1.324699506,111.7892222,0.696097175,174.1617157,1
youtube/youtube-72.png,1.357486573,352.1766357,0.657812441,599.6520945,1
youtube/youtube-73.png,0.999139341,312.6880887,0.667554118,702.2829274,1
youtube/youtube-74.png,1.334505332,263.1573195,0.629194705,498.1944763,1
youtube/youtube-75.png,1.427863153,643.3693705,0.587312137,1306.281268,1
youtube/youtube-76.png,1.271265957,495.8288658,0.63395183,970.4718212,1
youtube/youtube-77.png,1.305602295,232.3488756,0.641554607,432.3877532,1
youtube/youtube-78.png,1.334132097,200.4195599,0.615161598,396.9927964,1
youtube/youtube-79.png,1.23467993,542.6514695,0.704309168,886.0126859,1
youtube/youtube-80.png,1.140632416,286.4052581,0.481318801,1083.878099,1
youtube/youtube-81.png,1.171255063,231.2249986,0.652338323,463.9144483,1
youtube/youtube-82.png,1.391923826,172.0726591,0.542370269,420.2577947,1
youtube/youtube-83.png,1.238945074,400.5508707,0.61748312,847.9940299,1
youtube/youtube-84.png,1.260275493,137.2333779,0.537117205,377.4473012,1
youtube/youtube-85.png,1.256961734,146.2942241,0.509036083,449.2670496,1
youtube/youtube-86.png,1.198284266,515.213548,0.718657503,832.5190921,1
youtube/youtube-87.png,1.125733762,256.7800297,0.649716353,540.3620022,1
youtube/youtube-88.png,1.203924957,470.9745754,0.686034969,831.2364241,1
youtube/youtube-89.png,1.339830239,216.981566,0.618899949,422.8037408,1
youtube/youtube-90.png,1.258238525,244.6904668,0.592015188,554.9885221,1
youtube/youtube-91.png,1.34898713,191.4418972,0.575521078,428.8612254,1
youtube/youtube-92.png,1.597363036,204.5301613,0.561260166,406.4738302,1
youtube/youtube-93.png,1.111074344,354.3181646,0.660020297,732.04556,1
youtube/youtube-94.png,1.175562652,313.9209146,0.609834893,718.1155644,1
youtube/youtube-95.png,1.338602078,320.7319753,0.63432872,595.4736462,1
youtube/youtube-96.png,1.325470065,239.7252455,0.70922971,359.5588836,1
youtube/youtube-97.png,1.487519038,259.7556544,0.615033733,461.6515863,1
youtube/youtube-98.png,1.227438382,423.497278,0.698045658,708.0831966,1
youtube/youtube-99.png,1.076416086,450.4805814,0.686863069,887.0664925,1
youtube2/001.jpg,1.172125073,154.1039806,0.625330773,336.2180063,1
youtube2/002.jpg,1.340969361,188.9552824,0.459790768,666.5875167,1
youtube2/003.jpg,1.217995777,232.5189881,0.597527058,534.6881804,1
youtube2/004.jpg,1.398952469,71.75952028,0.529039055,183.2753755,1
youtube2/005.jpg,1.166258578,52.67390544,0.449043619,223.9927522,1
youtube2/006.jpg,1.228901549,135.4590502,0.601144068,305.0280552,1
youtube2/007.jpg,1.02884746,129.1309076,0.497494157,507.1202874,1
youtube2/008.jpg,1.427767368,136.9521589,0.525387147,347.5014202,1
youtube2/009.jpg,1.378694603,130.2317054,0.560652944,300.5123779,1
youtube2/010.jpg,1.190459063,228.1854051,0.478122532,838.4864769,1
youtube2/011.jpg,1.150290041,238.4278281,0.699749228,423.3166031,1
youtube2/012.jpg,1.099763465,269.452903,0.649929916,580.0301091,1
youtube2/013.jpg,1.405573176,188.1221876,0.554395394,435.4827667,1
youtube2/014.jpg,1.345553541,103.1089637,0.516114906,287.7531294,1
youtube2/015.jpg,1.152005165,228.0048061,0.48257755,849.9270538,1
youtube2/016.jpg,1.224413387,331.9938778,0.662637285,617.522745,1
youtube2/017.jpg,1.34320074,315.1350183,0.628435305,594.0662959,1
youtube2/018.jpg,1.152307208,154.7581242,0.681204233,289.429733,1
youtube2/019.jpg,1.009434965,292.0524115,0.650278516,684.2013595,1
youtube2/020.jpg,1.189108995,352.1687929,0.601912059,817.4541752,1
youtube2/021.jpg,1.321187767,131.6148131,0.566105836,310.8458314,1
youtube2/022.jpg,1.303817746,342.8342989,0.557529322,845.9334644,1
youtube2/023.jpg,1.257391316,141.441988,0.502041511,446.3104482,1
youtube2/024.jpg,1.231295671,134.8735474,0.548548299,364.0332079,1
youtube2/025.jpg,1.329594313,122.0593024,0.647636468,218.8718089,1
youtube2/026.jpg,1.154680132,242.2443917,0.63149104,526.0887977,1
youtube2/027.jpg,1.138647223,362.0435048,0.618071424,832.3723229,1
youtube2/028.jpg,1.284376067,321.2099785,0.622849139,644.6654281,1
youtube2/029.jpg,1.274106075,118.4984341,0.641867381,225.7542889,1
youtube2/030.jpg,1.240974752,133.3962266,0.57035037,330.4436018,1
youtube2/031.jpg,1.283917445,137.1080595,0.60841731,288.5082669,1
youtube2/032.jpg,1.515650999,230.8598972,0.651701307,358.6347762,1
youtube2/033.jpg,1.186428338,151.2775468,0.659173731,293.4616689,1
youtube2/034.jpg,1.283676897,111.5156291,0.622500393,224.1834672,1
youtube2/035.jpg,1.449213598,176.7785223,0.523189869,445.6571839,1
youtube2/036.jpg,1.316301576,254.0099722,0.612252966,514.7961256,1
youtube2/037.jpg,1.093695059,126.4025515,0.624590928,296.2633524,1
youtube2/038.jpg,1.109520303,438.6742633,0.800668126,616.7395847,1
youtube2/039.jpg,1.319433221,302.3039188,0.583743613,672.3763226,1
youtube2/040.jpg,1.297523072,165.6905583,0.704514063,257.2932457,1
youtube2/041.jpg,1.214932292,252.6891589,0.647079522,496.7303171,1
youtube2/042.jpg,1.404452896,85.58482854,0.490212297,253.5990182,1
youtube2/043.jpg,1.099215895,390.3343182,0.617192178,932.2081844,1
youtube2/044.jpg,1.215998166,289.7773564,0.583895672,698.9767811,1
youtube2/045.jpg,1.46418582,73.22335917,0.558589956,160.2985545,1
youtube2/046.jpg,1.183956603,340.0039412,0.57995117,853.8390076,1
youtube2/047.jpg,1.328950803,136.9269001,0.605622623,280.9184881,1
youtube2/048.jpg,1.32804721,169.4982729,0.586311763,371.2742297,1
youtube2/049.jpg,1.438946717,111.7325522,0.577378104,232.9330317,1
youtube2/050.jpg,1.157604949,255.0711049,0.701226466,448.1103889,1
youtube2/051.jpg,1.319251845,216.0943797,0.619789578,426.409948,1
youtube2/052.jpg,1.215370718,214.8804094,0.637854448,434.5643119,1
youtube2/053.jpg,1.204263758,153.8925656,0.646808982,305.4555956,1
youtube2/054.jpg,1.16162879,207.500301,0.640088606,435.9881435,1
youtube2/055.jpg,1.38904002,188.0999614,0.570663411,415.8282666,1
lfpw/testset/image_0208.png,0.842507701,78.86064787,0.63444754,232.5385578,0
helen/testset/3045921676_1.jpg,1.047212408,234.6476803,0.591108414,641.2792813,0
helen/testset/2984236559_1.jpg,1.043920941,199.8888945,0.661657156,437.3761844,0
lfpw/testset/image_0205.png,0.921271475,70.99347354,0.620849693,199.9204806,0
ibug/image_103.jpg,0.93262234,155.3819112,0.674057908,366.6908428,0
helen/testset/3155317888_1.jpg,0.948889033,350.4446997,0.608902559,996.1119475,0
helen/testset/3261640996_1.jpg,1.06813295,333.9469343,0.607109323,848.242131,0
ibug/image_049_1.jpg,1.017767199,95.94136719,0.528353418,337.6825739,0
lfpw/testset/image_0116.png,1.061916487,129.1138532,0.614857297,321.6133618,0
lfpw/testset/image_0056.png,0.964149777,72.34711155,0.581356902,222.0190961,0
ibug/image_053.jpg,1.08379988,61.65455242,0.596788791,159.7260497,0
lfpw/testset/image_0220.png,1.009333863,101.8441749,0.598524625,281.6679304,0
lfpw/testset/image_0211.png,1.023723405,61.4915149,0.561972681,190.1985699,0
helen/testset/3052865023_3.jpg,1.039707839,327.5594272,0.629535365,794.9482598,0
helen/testset/2988554491_2.jpg,1.091543721,270.9831864,0.597701593,694.9192195,0
ibug/image_034_1.jpg,1.011016312,166.6190499,0.486101934,697.4482366,0
helen/testset/3061006494_1.jpg,0.973613949,609.5891731,0.566825929,1948.726886,0
ibug/image_105_01.jpg,1.050996422,101.6789819,0.645425976,232.2400873,0
helen/testset/3213105453_1.jpg,0.967024769,870.2983162,0.678911267,1952.559071,0
helen/testset/2993039649_1.jpg,1.008977747,191.0972607,0.642262288,459.1430925,0
helen/testset/315336719_1.jpg,1.04776203,274.9332166,0.612048945,700.4743716,0
ibug/image_117.jpg,0.965859635,26.69624458,0.548206205,91.97043597,0
lfpw/testset/image_0037.png,1.058876505,92.15763305,0.600848858,241.0772942,0
helen/testset/3213143311_1.jpg,1.021657875,484.7234659,0.522724601,1736.378959,0
helen/testset/3059914145_2.jpg,0.950707088,210.232602,0.593987709,626.7558454,0
lfpw/testset/image_0057.png,1.045479709,75.54858742,0.598411694,201.7953108,0
ibug/image_067_1.jpg,0.983361157,82.41387728,0.55975844,267.4761588,0
lfpw/testset/image_0110.png,1.050821816,158.1899887,0.568082387,466.4780654,0
ibug/image_068_1.jpg,1.08245532,68.03469949,0.422899872,351.4371698,0
helen/testset/3202279106_1.jpg,1.150496964,846.6869606,0.641953387,1785.792433,0
ibug/image_093.jpg,0.918837009,50.56362464,0.514955266,207.5200606,0
helen/testset/3051471764_1.jpg,1.05769168,304.8937999,0.587298019,835.744122,0
ibug/image_089.jpg,1.082150803,40.17126054,0.559931661,118.4016786,0
helen/testset/2985256907_1.jpg,1.206489271,516.9858776,0.646508988,1025.196155,0
helen/testset/3059898359_1.jpg,0.993199165,282.0620095,0.543942196,959.8478875,0
helen/testset/3251963224_1.jpg,1.116576317,257.6079011,0.614433232,611.1136528,0
ibug/image_118.jpg,0.982535181,46.22608607,0.567584374,146.0420863,0
lfpw/testset/image_0113.png,0.988773447,149.4028895,0.638415095,370.7284429,0
helen/testset/3227203804_1.jpg,1.1100072,201.3224194,0.558228083,582.0270311,0
ibug/image_109.jpg,1.047185912,29.46398811,0.457247101,134.5773775,0
ibug/image_048.jpg,1.195962306,680.817409,0.58213235,1679.849584,0
lfpw/testset/image_0238.png,1.06586212,90.92720536,0.639429327,208.6458626,0
ibug/image_113.jpg,1.044956778,59.29254497,0.617970241,148.5823059,0
helen/testset/3241092906_1.jpg,0.984589193,691.022777,0.652106613,1650.439847,0
helen/testset/3255054809_1.jpg,0.992213661,422.6087177,0.596372121,1197.563565,0
lfpw/testset/image_0071.png,1.006144125,169.9597871,0.63441553,419.6995402,0
lfpw/testset/image_0174.png,1.154211317,144.636442,0.57477309,379.3215097,0
helen/testset/3220402975_1.jpg,1.368153762,310.2279324,0.615948414,597.6648992,0
helen/testset/3083968872_1.jpg,1.024205246,170.0083676,0.597239852,465.3566191,0
ibug/image_050.jpg,0.854489436,24.47709127,0.593389228,81.35246822,0
helen/testset/3052817324_1.jpg,1.02908153,208.9327983,0.605910231,553.0193729,0
lfpw/testset/image_0232.png,1.068290445,98.25417144,0.637809975,226.0892851,0
lfpw/testset/image_0229.png,1.05542446,121.2535295,0.626964479,292.2681147,0
helen/testset/3023909862_1.jpg,0.995423705,186.7267796,0.580351996,556.9492361,0
helen/testset/3004338997_1.jpg,1.215640971,172.631362,0.510543214,544.8464422,0
ibug/image_014.jpg,0.885917934,32.41528706,0.538727781,126.067688,0
helen/testset/3219821966_1.jpg,0.945779369,386.5934506,0.648796738,971.0612647,0
helen/testset/3036476835_1.jpg,1.045396881,263.2251434,0.669786513,561.2728558,0
helen/testset/3239637522_1.jpg,1.008910076,733.2438567,0.638146691,1784.657941,0
lfpw/testset/image_0148.png,1.079726939,109.1056093,0.610420972,271.1904344,0
helen/testset/2988554491_1.jpg,0.942027912,301.2320137,0.664433945,724.3252189,0
helen/testset/313525679_1.jpg,0.938223124,371.9194475,0.591066073,1134.670293,0
lfpw/testset/image_0133.png,1.070993982,188.5104881,0.597403783,493.1882952,0
helen/testset/3211099008_1.jpg,1.019470258,588.5755183,0.681255403,1243.964452,0
ibug/image_030.jpg,0.921142568,127.7936933,0.615280231,366.4585167,0
helen/testset/3051765471_2.jpg,0.98574051,434.1776093,0.536288124,1531.469801,0
ibug/image_082.jpg,1.223399635,49.52670594,0.598963143,112.8424458,0
lfpw/testset/image_0206.png,0.912867632,106.9780329,0.612739157,312.1275857,0
helen/testset/3017468498_1.jpg,1.003157191,404.1404832,0.648030704,959.3392553,0
helen/testset/3231797341_1.jpg,1.155322175,264.0964563,0.602613394,629.4801757,0
lfpw/testset/image_0085.png,1.01928281,113.708599,0.700783053,227.1597761,0
ibug/image_089_01.jpg,0.924385541,44.9725768,0.603410076,133.6193809,0
lfpw/testset/image_0099.png,0.893555664,127.7831847,0.603742021,392.3279699,0
ibug/image_071_1.jpg,1.046154343,97.42283511,0.473630085,415.1375765,0
helen/testset/3057282922_1.jpg,1.020691102,639.6828688,0.601567519,1731.816255,0
helen/testset/3213264433_1.jpg,1.006149457,397.8314958,0.596839804,1109.995425,0
ibug/image_116.jpg,1.058410713,59.18455168,0.592003259,159.5534196,0
lfpw/testset/image_0069.png,0.872559877,87.91295026,0.575092812,304.6361611,0
helen/testset/2983659912_1.jpg,1.133779548,521.8269111,0.658201566,1062.38052,0
lfpw/testset/image_0033.png,0.961533796,69.90635726,0.620689515,188.7134899,0
lfpw/testset/image_0167.png,0.994801134,65.36709915,0.662195832,149.8476871,0
ibug/image_015_1.jpg,0.993211323,217.0791575,0.675041788,479.6391456,0
lfpw/testset/image_0104.png,1.093509609,75.82586597,0.651035995,163.6007496,0
ibug/image_089_02.jpg,1.084422573,49.33102631,0.583199326,133.7482275,0
helen/testset/3160586857_1.jpg,1.18407773,221.5974514,0.585465169,545.9889056,0
ibug/image_114.jpg,1.00127609,75.22915486,0.645414581,180.3660491,0
ibug/image_003_1.jpg,1.016184878,94.30096789,0.487309249,390.7847766,0
lfpw/testset/image_0192.png,1.055769774,76.49715937,0.602014923,199.9226004,0
helen/testset/3075293468_1.jpg,1.122861398,383.1164339,0.674807571,749.2854459,0
ibug/image_063.jpg,1.082384092,43.423755,0.524225035,145.9861348,0
helen/testset/2977452543_1.jpg,1.203333766,605.3781458,0.557999459,1615.798582,0
lfpw/testset/image_0152.png,1.036133307,50.27445106,0.502720914,191.9902647,0
helen/testset/3214010220_1.jpg,0.949211646,215.0057829,0.554363461,737.0508716,0
helen/testset/3213153149_1.jpg,1.015913448,690.9708789,0.592444384,1937.796682,0
helen/testset/302142585_1.jpg,0.989214645,612.1156158,0.621421206,1602.399427,0
lfpw/testset/image_0073.png,0.96223629,104.7907298,0.601827777,300.6744622,0
helen/testset/30844800_1.jpg,1.078236536,285.3997474,0.597536594,741.3282285,0
helen/testset/2978322154_2.jpg,1.349721053,326.1893465,0.55665053,779.9437823,0
helen/testset/3080740886_1.jpg,1.052252064,324.8944423,0.599376942,859.4549053,0
helen/testset/3026147764_1.jpg,1.044269431,544.4868885,0.670619291,1159.37192,0
ibug/image_064_1.jpg,0.990517483,158.2842529,0.50576028,624.7208898,0
helen/testset/3035557812_1.jpg,0.981531724,232.0924565,0.606185875,643.4947913,0
ibug/image_018.jpg,1.106304065,121.2820471,0.642353695,265.6889973,0
helen/testset/3223164362_10.jpg,0.919229417,473.7295313,0.666267339,1160.937468,0
helen/testset/3059991217_1.jpg,1.035782844,210.6014232,0.591539416,581.0657486,0
helen/testset/3050267766_1.jpg,1.320867727,1130.33116,0.567387642,2658.193771,0
lfpw/testset/image_0106.png,1.100708478,127.5049484,0.593256318,329.1321961,0
helen/testset/3218989431_1.jpg,1.14840237,1305.674935,0.558105409,3650.150094,0
helen/testset/3035796193_1.jpg,1.13181665,143.5601877,0.459049249,601.9242893,0
ibug/image_026_1.jpg,1.127926905,292.56213,0.549463212,859.1498112,0
lfpw/testset/image_0018.png,0.947995436,113.4459644,0.669355969,267.0952065,0
helen/testset/3160852076_1.jpg,0.983114918,412.7265428,0.658935022,966.8798981,0
lfpw/testset/image_0176.png,1.081581972,58.47017223,0.593449105,153.4998976,0
lfpw/testset/image_0196.png,1.002355815,113.6196884,0.587961706,327.8941041,0
helen/testset/3052865023_5.jpg,1.040124769,273.0661701,0.656118721,609.8433567,0
helen/testset/302148352_1.jpg,0.971619946,474.6076588,0.549197954,1619.498311,0
helen/testset/299527853_1.jpg,1.002372786,187.3509901,0.616490437,491.7837118,0
helen/testset/3187824420_3.jpg,1.094221556,459.069645,0.5732819,1276.591073,0
lfpw/testset/image_0084.png,1.083570525,90.87024416,0.62444053,215.0713463,0
lfpw/testset/image_0007.png,0.985939405,108.2778899,0.613889669,291.4128389,0
lfpw/testset/image_0172.png,1.041684927,71.6468582,0.612247858,183.4875097,0
ibug/image_111.jpg,0.8545466,44.67476812,0.603574626,143.5041989,0
lfpw/testset/image_0002.png,1.054585809,103.7572338,0.55658307,317.5973593,0
lfpw/testset/image_0031.png,1.008487192,102.7693122,0.627279881,258.9824589,0
helen/testset/3239006545_1.jpg,1.115787791,659.4300342,0.622153039,1526.839108,0
ibug/image_075.jpg,1.02170913,33.25470674,0.466075502,149.8350751,0
helen/testset/3173901928_1.jpg,1.065460542,447.3583079,0.574260335,1273.212946,0
helen/testset/3030012395_1.jpg,1.052273822,642.0539913,0.646826777,1458.366917,0
lfpw/testset/image_0048.png,1.041062084,66.64319647,0.604449235,175.21027,0
helen/testset/3173028919_2.jpg,1.253561165,289.0327997,0.669411267,514.5389713,0
lfpw/testset/image_0051.png,0.967957543,267.9727911,0.638483747,679.1006507,0
ibug/image_061_1.jpg,1.1343338,88.36308129,0.509014556,300.6571117,0
helen/testset/3060400828_1.jpg,1.014402624,187.4645,0.579613875,550.0866877,0
lfpw/testset/image_0163.png,1.084254038,82.68493267,0.560949602,242.3531901,0
helen/testset/3034068134_1.jpg,1.038631976,160.8060337,0.586841957,449.5776427,0
helen/testset/3166977555_1.jpg,1.056190401,1224.795382,0.617794785,3038.315624,0
lfpw/testset/image_0079.png,1.031476417,99.05652347,0.545834323,322.331284,0
lfpw/testset/image_0231.png,1.07826988,99.49626201,0.65473131,215.2572564,0
lfpw/testset/image_0219.png,1.028718286,97.76173171,0.692807856,197.9917082,0
helen/testset/3191256033_1.jpg,0.916329724,169.0879855,0.624395909,473.3042226,0
ibug/image_045_1.jpg,1.210805181,139.1372608,0.485604399,487.3132985,0
lfpw/testset/image_0041.png,1.010580396,115.7195198,0.568912485,353.789728,0
ibug/image_007.jpg,1.109597076,104.5567933,0.457539378,450.1248985,0
helen/testset/3000819872_1.jpg,0.961636601,422.6657172,0.630121146,1106.975125,0
lfpw/testset/image_0098.png,0.921473472,116.943635,0.61968794,330.4818569,0
ibug/image_097_1.jpg,1.097984539,143.416537,0.457549563,623.9326002,0
lfpw/testset/image_0118.png,1.028665023,104.6975224,0.616127754,268.1153356,0
helen/testset/3079176108_1.jpg,1.026876712,514.4478924,0.665362461,1131.636429,0
helen/testset/3073619793_1.jpg,1.260503576,197.3978283,0.554417784,509.4783887,0
helen/testset/3243018729_1.jpg,1.071989282,406.8050281,0.602288894,1046.132213,0
ibug/image_029_1.jpg,0.960649934,105.8940896,0.567162594,342.6760722,0
lfpw/testset/image_0147.png,1.080116696,142.7223386,0.594253617,374.1784151,0
lfpw/testset/image_0138.png,1.021861108,64.3535692,0.624701487,161.3759689,0
lfpw/testset/image_0158.png,1.039522306,75.32530086,0.599775697,201.4325731,0
helen/testset/3223115234_1.jpg,1.047925448,492.3502539,0.598582456,1311.283639,0
helen/testset/3193158927_1.jpg,1.068662129,527.3829534,0.555164683,1601.189374,0
helen/testset/3248183827_1.jpg,1.067814426,392.7094204,0.663605357,835.1376056,0
lfpw/testset/image_0217.png,1.006158459,61.7725815,0.656972292,142.2444323,0
lfpw/testset/image_0212.png,1.061230783,76.43139238,0.592891424,204.886612,0
ibug/image_011_1.jpg,1.06331774,254.3233205,0.515281379,900.8122838,0
helen/testset/3036412907_1.jpg,1.027255781,223.1616144,0.602105662,599.2327644,0
helen/testset/301384259_1.jpg,0.980090709,405.248826,0.544674979,1393.734458,0
helen/testset/299189676_1.jpg,1.216688966,682.9533704,0.597641621,1571.556911,0
helen/testset/3139620200_1.jpg,1.032895787,325.0111962,0.624066629,807.9414624,0
helen/testset/3042677096_2.jpg,1.027828703,292.3609368,0.589028349,819.835386,0
helen/testset/3159679449_1.jpg,1.071646654,287.1908905,0.599381784,745.9617618,0
helen/testset/3160850636_1.jpg,1.018759575,750.0679743,0.650264367,1741.203829,0
ibug/image_088.jpg,0.759946663,37.91869482,0.56593056,155.7254877,0
ibug/image_99.jpg,0.947161937,55.79490924,0.552273469,193.1353619,0
helen/testset/3249818146_1.jpg,1.168035026,197.7048874,0.56470651,530.7840826,0
ibug/image_023_1.jpg,1.11904384,113.6289941,0.621163869,263.1677313,0
lfpw/testset/image_0134.png,1.047353714,89.3690129,0.594893785,241.1098869,0
ibug/image_052_1.jpg,1.117012313,115.5037288,0.489992356,430.6874591,0
helen/testset/3201451573_1.jpg,1.080244943,736.3039194,0.722864729,1304.430144,0
helen/testset/3020509517_1.jpg,1.097451033,234.679377,0.567620653,663.703547,0
lfpw/testset/image_0066.png,1.043937565,74.16759972,0.638511163,174.2620895,0
helen/testset/3260548295_2.jpg,1.108193371,203.0600917,0.590604178,525.3108447,0
helen/testset/305612849_1.jpg,0.995206985,214.426369,0.585026234,629.526531,0
lfpw/testset/image_0006.png,1.018337975,80.0910862,0.601625801,217.2898568,0
helen/testset/3168247070_1.jpg,1.154817279,275.9053385,0.596796414,670.8026774,0
ibug/image_014_02.jpg,0.839686267,32.50447911,0.543684278,130.9567871,0
lfpw/testset/image_0122.png,1.034410615,99.71319994,0.66066495,220.8507631,0
lfpw/testset/image_0030.png,0.976708033,118.9589532,0.631075158,305.8230277,0
helen/testset/3005087184_1.jpg,0.948650116,290.0303444,0.565398319,956.3752693,0
helen/testset/3016219064_1.jpg,1.027729997,601.6321822,0.474199569,2603.344861,0
helen/testset/3002247464_1.jpg,1.058288647,251.0471137,0.656482688,550.4333536,0
helen/testset/3039565724_1.jpg,0.867132637,256.9274442,0.752338569,523.4778504,0
helen/testset/3052865023_1.jpg,1.047089632,344.5430507,0.584180085,964.1978403,0
helen/testset/2982058191_1.jpg,0.917723174,547.2110973,0.486245296,2521.908749,0
helen/testset/3049915594_1.jpg,1.081470535,762.6193205,0.581722453,2083.826604,0
helen/testset/3213224447_1.jpg,0.967949406,428.0696101,0.586020488,1287.761127,0
lfpw/testset/image_0197.png,1.094755301,125.2637228,0.586063457,333.1343844,0
helen/testset/3154364424_1.jpg,1.08506507,430.6190458,0.582546282,1169.436344,0
lfpw/testset/image_0114.png,1.004585036,162.4856456,0.604922251,442.0070369,0
helen/testset/3214115970_1.jpg,1.079413953,219.8753865,0.594877276,575.6174274,0
lfpw/testset/image_0025.png,1.138985732,98.45636067,0.579249411,257.6290345,0
lfpw/testset/image_0218.png,0.889842994,72.56631963,0.608978388,219.8918276,0
lfpw/testset/image_0189.png,1.023972539,89.02179863,0.619820865,226.2953718,0
helen/testset/3144473012_2.jpg,0.988669321,505.457294,0.635929441,1264.199303,0
helen/testset/3002568151_3.jpg,1.237874053,356.0673407,0.539523042,988.18035,0
helen/testset/3081187199_1.jpg,1.037214756,755.3931664,0.48820593,3055.613308,0
helen/testset/3215987812_1.jpg,0.965193867,456.831024,0.611254811,1266.766139,0
lfpw/testset/image_0036.png,0.920871507,115.8541253,0.688918308,265.0797137,0
helen/testset/3193845284_1.jpg,0.967225047,149.9845352,0.589055433,446.8956887,0
helen/testset/3077637317_1.jpg,1.026228155,275.7350751,0.611704827,718.0658606,0
helen/testset/300840911_1.jpg,0.999975366,193.2982372,0.570500049,593.9189995,0
lfpw/testset/image_0169.png,1.007101126,57.64611836,0.577539149,171.6066582,0
lfpw/testset/image_0028.png,1.059569729,89.08461822,0.640544198,204.9162067,0
ibug/image_092.jpg,1.009065861,27.71594326,0.453853895,133.3455453,0
helen/testset/2983659920_1.jpg,1.163904566,371.9795672,0.602141804,881.4670787,0
helen/testset/3014505740_1.jpg,0.972592903,906.9906535,0.601129983,2580.683262,0
helen/testset/308315761_3.jpg,1.020202633,159.4109177,0.590156207,448.640032,0
helen/testset/3006823882_1.jpg,0.918068902,647.4596634,0.596594299,1981.405581,0
lfpw/testset/image_0115.png,0.986992833,104.4326515,0.610228238,284.1431722,0
ibug/image_056.jpg,0.959773391,22.80208809,0.446743094,119.0392434,0
helen/testset/3053981414_1.jpg,0.994126562,497.6610491,0.559646983,1598.31928,0
lfpw/testset/image_0005.png,1.096351772,61.92662695,0.557588395,181.6771589,0
lfpw/testset/image_0154.png,1.057760771,106.4042461,0.612398074,268.2296635,0
helen/testset/3214066418_2.jpg,1.018800026,265.1784915,0.580218771,773.1540835,0
lfpw/testset/image_0040.png,0.975077443,92.34181267,0.628266198,239.922967,0
lfpw/testset/image_0109.png,1.234327966,78.35939884,0.541245593,216.7090092,0
lfpw/testset/image_0049.png,0.995039815,54.71946237,0.615745253,145.043808,0
helen/testset/3066109411_1.jpg,1.096835822,447.5307154,0.660390945,935.5831364,0
helen/testset/3151235633_1.jpg,1.015173121,264.3813637,0.650189418,616.0432095,0
helen/testset/302142529_1.jpg,1.007091248,672.6745789,0.553179442,2182.750727,0
ibug/image_087_01.jpg,1.010383356,31.38538184,0.573070484,94.58576328,0
ibug/image_013.jpg,0.773364601,309.4819348,0.760660252,691.5257529,0
helen/testset/3040240981_1.jpg,1.024955755,724.2237009,0.666837741,1589.01245,0
ibug/image_110.jpg,0.99250185,48.92534928,0.569858571,151.7984298,0
lfpw/testset/image_0093.png,1.044636835,136.9972532,0.550473174,432.7893319,0
helen/testset/3160369021_1.jpg,0.914976632,693.9960388,0.633427189,1890.397413,0
lfpw/testset/image_0125.png,1.07995784,80.67178424,0.567561202,231.8948867,0
lfpw/testset/image_0136.png,1.011502238,374.0437317,0.620785792,959.5597183,0
helen/testset/3213087169_2.jpg,1.074323464,196.228262,0.611186847,488.9661016,0
helen/testset/3048914345_1.jpg,0.95452,340.690813,0.548808792,1185.040354,0
helen/testset/3197527888_1.jpg,1.119112363,323.0623693,0.604611579,789.6978335,0
helen/testset/3203248403_1.jpg,1.085041791,194.6402564,0.648152917,427.0033122,0
lfpw/testset/image_0170.png,0.985826282,69.07796342,0.579490976,208.6631532,0
helen/testset/2986046144_1.jpg,1.050309274,363.7538975,0.55134784,1139.318448,0
helen/testset/3010358801_1.jpg,0.921138833,645.490886,0.60446801,1917.866367,0
ibug/image_012.jpg,1.070220852,176.3493391,0.587459211,477.4688807,0
lfpw/testset/image_0193.png,1.037924441,82.84104211,0.565069869,249.9630546,0
lfpw/testset/image_0173.png,1.083588823,63.44402963,0.575193308,176.9698953,0
helen/testset/3213274513_1.jpg,1.051673273,1029.222793,0.640100376,2388.540314,0
ibug/image_062_1.jpg,1.114501304,153.7672574,0.502487921,546.4670633,0
helen/testset/3029583659_1.jpg,1.003410558,550.6845237,0.523995609,1998.798069,0
helen/testset/3239209193_1.jpg,1.009378539,629.3317,0.615142038,1647.687121,0
lfpw/testset/image_0224.png,1.01391736,102.6983764,0.670730882,225.1463001,0
ibug/image_090_1.jpg,0.955531562,65.45164588,0.494745493,279.841146,0
helen/testset/3071735588_1.jpg,1.094294274,563.236508,0.589969754,1478.759783,0
helen/testset/2988557119_1.jpg,1.041652491,576.9789919,0.599410408,1541.659932,0
helen/testset/3195123827_1.jpg,0.941555941,205.1328595,0.618717874,569.1177434,0
ibug/image_100.jpg,0.978558151,37.59652139,0.529614895,136.9745677,0
helen/testset/3210193974_1.jpg,1.02109547,221.6261172,0.600843341,601.2185842,0
helen/testset/3213825562_1.jpg,1.049589898,461.3109051,0.546711175,1470.476805,0
lfpw/testset/image_0067.png,0.936721681,62.88271117,0.611605013,179.4642693,0
lfpw/testset/image_0080.png,0.990275168,90.56509495,0.676255901,199.9782765,0
helen/testset/2978322154_1.jpg,1.171112004,458.915859,0.571150647,1201.255278,0
lfpw/testset/image_0004.png,1.002877489,123.635917,0.684264933,263.2985747,0
helen/testset/3051765471_1.jpg,1.005240704,593.4858627,0.622108473,1525.485755,0
lfpw/testset/image_0195.png,0.946612873,148.7808664,0.60880811,424.0453555,0
ibug/image_100_06.jpg,0.874126597,30.97772566,0.530879996,125.7405729,0
ibug/image_076_1.jpg,1.108086014,98.87559577,0.539770001,306.2655543,0
lfpw/testset/image_0236.png,1.020287012,123.7420446,0.64009654,296.0085062,0
lfpw/testset/image_0185.png,1.003394547,83.52645104,0.668149137,186.4684969,0
ibug/image_020_1.jpg,1.125436783,170.9006729,0.574210983,460.5530754,0
helen/testset/3175828165_1.jpg,0.926558344,1022.802837,0.746545961,1980.642065,0
helen/testset/3065355522_1.jpg,1.121726187,352.5624632,0.602004709,867.2603037,0
lfpw/testset/image_0213.png,1.001845951,96.52892589,0.653235113,225.7967153,0
ibug/image_004_1.jpg,0.852635143,190.5196867,0.573838696,678.4440054,0
helen/testset/3080573833_1.jpg,1.003352392,241.7016265,0.626582012,613.5786785,0
helen/testset/3059914159_1.jpg,1.179969676,244.3395689,0.594847976,585.2100359,0
ibug/image_031.jpg,1.101256066,328.7867856,0.595957421,840.6119899,0
helen/testset/3214120096_4.jpg,1.152457962,200.0557906,0.505869471,678.3429261,0
helen/testset/308315761_2.jpg,0.985030565,202.4855682,0.569007029,634.9046445,0
lfpw/testset/image_0216.png,1.010558888,60.94974925,0.561808522,191.0883007,0
helen/testset/3036412907_5.jpg,1.171437968,180.8728077,0.595864377,434.8850304,0
ibug/image_070.jpg,1.049385457,319.1532795,0.51348654,1153.4732,0
lfpw/testset/image_0204.png,1.016750309,118.4046486,0.60265378,320.6407375,0
lfpw/testset/image_0199.png,1.00332893,122.0941781,0.618763263,317.8356931,0
helen/testset/3209573417_2.jpg,1.292848285,574.3431422,0.61530095,1173.443099,0
helen/testset/3213978420_1.jpg,1.008726176,473.5193211,0.607921586,1270.191819,0
helen/testset/3152114098_1.jpg,0.951251167,237.2894033,0.621322746,646.1727151,0
lfpw/testset/image_0087.png,0.978533346,70.7932794,0.637062015,178.2596214,0
ibug/image_091.jpg,0.782325826,48.07318869,0.569107672,189.7257948,0
lfpw/testset/image_0201.png,0.969304429,103.1182243,0.580164632,316.0622552,0
helen/testset/3176867704_1.jpg,1.033552543,191.2146602,0.573101913,563.280829,0
lfpw/testset/image_0014.png,1.040443207,282.8891149,0.580863222,805.8424011,0
lfpw/testset/image_0151.png,0.967221692,59.27700014,0.631604645,153.6273216,0
helen/testset/3061668030_1.jpg,0.94232745,140.0001235,0.537950228,513.3803037,0
lfpw/testset/image_0235.png,1.037139405,71.05137524,0.683234007,146.756651,0
ibug/image_025_1.jpg,1.118195833,111.9353765,0.503339784,395.1181625,0
lfpw/testset/image_0200.png,1.065022929,297.0850275,0.596393724,784.2538545,0
ibug/image_077.jpg,0.95921403,165.4621045,0.546133394,578.333887,0
lfpw/testset/image_0059.png,0.949445622,83.42539964,0.629651674,221.6293643,0
lfpw/testset/image_0112.png,1.078382133,60.46087146,0.528950583,200.3888825,0
ibug/image_115_01.jpg,0.886968852,40.57268443,0.565068489,143.2556849,0
helen/testset/3166166183_1.jpg,0.99875434,707.5856022,0.580468117,2102.633434,0
helen/testset/3211768569_1.jpg,1.021720307,315.5034158,0.667447193,693.1687101,0
helen/testset/2981942448_1.jpg,1.226202641,424.9680377,0.560526513,1103.066583,0
lfpw/testset/image_0097.png,1.055617447,115.1941713,0.63876424,267.4505706,0
helen/testset/3156458544_1.jpg,1.133148333,586.9834864,0.620224894,1346.606962,0
lfpw/testset/image_0100.png,0.98839823,101.2452205,0.62797853,259.7482454,0
lfpw/testset/image_0181.png,1.037801406,81.14671528,0.590993057,223.8681955,0
lfpw/testset/image_0153.png,0.916200735,66.3526607,0.631394781,181.652718,0
lfpw/testset/image_0013.png,0.947023252,93.77296344,0.643415552,239.1843062,0
lfpw/testset/image_0111.png,1.007193856,126.2490568,0.599376726,348.9122634,0
helen/testset/3166996956_1.jpg,0.984610077,796.14519,0.655293507,1883.025799,0
ibug/image_028.jpg,1.065831627,65.97975558,0.580047497,183.9922499,0
helen/testset/3234996955_1.jpg,1.073838509,417.4915465,0.654624521,907.2457858,0
helen/testset/3005381551_1.jpg,1.01535075,273.4693796,0.70586574,540.5656271,0
ibug/image_118_01.jpg,1.042528349,52.14123682,0.5915301,142.9367189,0
lfpw/testset/image_0074.png,1.098797059,175.7440557,0.527279867,575.2833865,0
ibug/image_084.jpg,0.993824253,226.0081929,0.562881584,717.7620457,0
lfpw/testset/image_0222.png,1.196410092,73.36412507,0.560957366,194.8715889,0
ibug/image_051_1.jpg,1.142041557,148.6662913,0.566825605,405.1665055,0
helen/testset/325564774_1.jpg,0.970520323,251.0047691,0.629148054,653.3886991,0
ibug/image_008_1.jpg,1.059070872,104.8078933,0.450057819,488.5768605,0
helen/testset/3048153244_1.jpg,1.044142332,316.4042272,0.597258352,849.4911071,0
helen/testset/3186478027_1.jpg,0.939400311,238.0439721,0.656742101,587.5108932,0
lfpw/testset/image_0078.png,1.053185815,69.27778754,0.663669797,149.3434745,0
helen/testset/3222262589_1.jpg,0.970606731,623.0674583,0.630095846,1616.881554,0
helen/testset/3166944042_1.jpg,1.023920728,252.6158449,0.499843024,987.4770329,0
lfpw/testset/image_0225.png,0.912614518,72.74494794,0.600463725,221.0742317,0
helen/testset/296814969_3.jpg,1.127620373,163.9643919,0.549834936,480.974572,0
helen/testset/3217491791_1.jpg,0.893110146,573.348183,0.574259323,1946.689625,0
ibug/image_096.jpg,1.094711759,74.94105267,0.626640034,174.3346595,0
ibug/image_100_01.jpg,0.911170713,35.61460867,0.558157471,125.4607014,0
helen/testset/3252851380_1.jpg,1.136259117,614.1638648,0.602151069,1490.720567,0
ibug/image_022.jpg,1.148248882,154.8643552,0.557459191,434.000333,0
helen/testset/3036412907_2.jpg,1.049478272,215.0182556,0.575028918,619.615953,0
lfpw/testset/image_0044.png,1.116916056,50.87583918,0.453662162,221.3288604,0
helen/testset/2984478058_1.jpg,1.098270201,255.3187842,0.664487821,526.5049825,0
helen/testset/3212378179_1.jpg,0.966314992,225.7796389,0.609233613,629.5021616,0
lfpw/testset/image_0237.png,1.010536443,98.38102933,0.655684135,226.4488073,0
ibug/image_118_02.jpg,0.882654614,54.33604518,0.494920685,251.3191754,0
ibug/image_016_1.jpg,0.980200398,99.37896485,0.513518312,384.4745804,0
helen/testset/3038747613_1.jpg,1.025575369,370.5019578,0.550508594,1192.052189,0
lfpw/testset/image_0046.png,1.011165674,71.591361,0.627335853,179.9029665,0
ibug/image_086_1.jpg,0.882595512,106.4290083,0.507102262,468.9286441,0
ibug/image_087.jpg,0.998419475,31.93272484,0.597437644,89.60613005,0
helen/testset/3166997470_1.jpg,1.090025773,495.4563822,0.577023576,1365.186361,0
lfpw/testset/image_0137.png,1.036214662,68.39574951,0.589015653,190.2513308,0
helen/testset/3084206931_1.jpg,1.052063263,234.8800528,0.609642251,600.6954412,0
ibug/image_042.jpg,0.922921146,169.2088918,0.463516924,853.3387883,0
lfpw/testset/image_0150.png,1.030446487,94.81948587,0.57298061,280.2801303,0
lfpw/testset/image_0054.png,0.937586072,94.81016987,0.604868238,276.389915,0
lfpw/testset/image_0162.png,1.065849458,114.2950321,0.560954038,340.7844592,0
lfpw/testset/image_0103.png,0.989232681,121.7091939,0.573809777,373.6704812,0
helen/testset/3006930100_1.jpg,0.986467187,255.1161118,0.528609405,925.518962,0
lfpw/testset/image_0058.png,0.976525584,71.047654,0.599199833,202.6376399,0
helen/testset/3238436027_1.jpg,1.012000445,180.6519496,0.612070727,476.4954541,0
helen/testset/3213221949_1.jpg,1.092541595,224.4675588,0.560186169,654.7130941,0
lfpw/testset/image_0228.png,1.002951615,93.29372388,0.624295879,238.6666697,0
helen/testset/3077501407_1.jpg,1.13016766,216.1281602,0.58057397,567.3531931,0
ibug/image_115.jpg,0.816067239,46.85246286,0.575403167,173.3766489,0
ibug/image_058.jpg,1.042926168,53.10102346,0.54251701,172.9944103,0
helen/testset/31681454_1.jpg,1.070916411,152.8231426,0.56362464,449.2165833,0
helen/testset/3163645286_1.jpg,1.17766123,409.0206146,0.584917534,1015.16745,0
lfpw/testset/image_0022.png,1.155208146,84.09962294,0.553549244,237.5865551,0
helen/testset/2986008801_1.jpg,0.953911655,444.0433363,0.605969714,1267.696399,0
lfpw/testset/image_0234.png,1.034429019,84.67311341,0.666224896,184.4188304,0
helen/testset/3004312424_1.jpg,1.007484889,232.4775859,0.597632431,646.0621809,0
helen/testset/3039563250_1.jpg,0.951315318,238.0848667,0.711496496,494.3805307,0
helen/testset/3029583859_1.jpg,0.948506848,639.2083346,0.621264222,1746.018342,0
helen/testset/3067126321_1.jpg,1.088763698,384.2862612,0.43476308,1867.308159,0
helen/testset/3227323913_1.jpg,1.115971447,307.2647359,0.554507551,895.4674703,0
helen/testset/3059898383_1.jpg,1.082252924,241.8779424,0.616950098,587.1750732,0
ibug/image_038.jpg,1.064868172,189.7807359,0.569837321,548.8511778,0
ibug/image_112.jpg,1.033370265,27.22781352,0.405795527,160.0083532,0
helen/testset/3213949024_1.jpg,0.953182207,684.433023,0.611580831,1919.759275,0
ibug/image_055.jpg,1.093500593,237.0863107,0.476876745,953.4001229,0
lfpw/testset/image_0091.png,1.04164718,82.54614549,0.522660674,290.0928335,0
helen/testset/3026829129_1.jpg,1.163790579,633.3887941,0.566133333,1698.091702,0
helen/testset/3059991227_1.jpg,0.935756393,185.9675193,0.692595357,414.2994013,0
lfpw/testset/image_0063.png,1.018451527,311.211712,0.632429868,763.9961459,0
lfpw/testset/image_0120.png,0.90589779,131.8195749,0.58459455,425.7857202,0
lfpw/testset/image_0183.png,0.929086118,116.4213304,0.566314411,390.7144811,0
helen/testset/3233580660_1.jpg,1.013405853,284.3459714,0.660220039,643.7040907,0
helen/testset/3217492469_1.jpg,1.026241736,652.8648115,0.618789862,1661.450717,0
lfpw/testset/image_0045.png,1.038137761,111.8570084,0.679300038,233.5005734,0
lfpw/testset/image_0214.png,1.131112445,103.6175265,0.558181548,294.0242912,0
ibug/image_09.jpg,0.97287688,91.92906186,0.569704549,291.1357621,0
ibug/image_092_01.jpg,1.068141089,35.54215341,0.516630191,124.6752616,0
lfpw/testset/image_0083.png,1.079769171,96.59647894,0.638217006,219.6311074,0
ibug/image_039.jpg,1.039517614,78.68400448,0.551291067,249.0536224,0
ibug/image_104.jpg,1.140798258,168.6685709,0.632305388,369.8040166,0
helen/testset/3214120096_5.jpg,1.055772389,191.4852713,0.588671027,523.3833513,0
ibug/image_105.jpg,1.024897218,96.10779289,0.6265751,238.8546798,0
helen/testset/2998446585_1.jpg,0.923744939,268.2816524,0.605030985,793.381564,0
lfpw/testset/image_0127.png,1.015745604,129.726813,0.651315885,301.0675625,0
lfpw/testset/image_0175.png,0.991200819,82.4017147,0.565832342,259.6563907,0
helen/testset/3078135517_1.jpg,1.036436966,439.1782396,0.686949527,897.9457856,0
helen/testset/3248846504_1.jpg,0.881695958,294.9213828,0.576328566,1007.040224,0
ibug/image_106.jpg,0.901244227,53.80863256,0.460607985,281.406669,0
helen/testset/3252000476_1.jpg,0.990527463,208.8455421,0.608495743,569.4327072,0
helen/testset/3059914145_1.jpg,1.086907737,232.5162671,0.586128298,622.6952518,0
helen/testset/302142598_1.jpg,1.065552554,616.7143411,0.587226481,1678.413268,0
helen/testset/3023336098_1.jpg,1.042643894,182.8078182,0.57139041,537.0232739,0
helen/testset/3045005984_1.jpg,1.111607653,249.4768538,0.654032527,524.6629858,0
helen/testset/3071120472_1.jpg,0.988295129,192.9989959,0.598059854,545.9828122,0
helen/testset/3213155161_2.jpg,1.139955913,194.5304745,0.574157152,517.6527134,0
lfpw/testset/image_0092.png,0.955019045,101.1972697,0.601755632,292.6281975,0
ibug/image_100_04.jpg,0.936584492,33.24202645,0.602162627,97.88314298,0
ibug/image_094.jpg,0.985590292,85.36822227,0.501468732,344.4385069,0
lfpw/testset/image_0086.png,0.991436268,75.96568175,0.648937839,181.9475383,0
helen/testset/3038704879_2.jpg,1.167992485,188.1223893,0.468636658,733.3818366,0
lfpw/testset/image_0143.png,1.050947277,117.5482307,0.564718648,350.7314427,0
helen/testset/3213107975_2.jpg,1.092263209,221.5408686,0.50549212,793.7787089,0
helen/testset/3059991235_1.jpg,1.044449143,270.268318,0.579682203,770.066062,0
helen/testset/305917477_1.jpg,1.023763838,610.8898119,0.612735099,1589.342903,0
helen/testset/3081510905_1.jpg,1.264020594,197.7650269,0.604244842,428.5184122,0
ibug/image_019_1.jpg,1.132357682,271.6400163,0.653568454,561.6015112,0
lfpw/testset/image_0001.png,1.042255433,148.636811,0.57168676,436.3509869,0
ibug/image_059.jpg,1.04342983,56.30660838,0.650704232,127.4473978,0
helen/testset/3220050079_2.jpg,0.959229446,187.6745037,0.682333755,420.2317378,0
ibug/image_110_01.jpg,1.094332557,53.22565306,0.461265156,228.6008064,0
helen/testset/2971848745_1.jpg,0.993471144,906.7301862,0.624036054,2343.707722,0
helen/testset/296961468_1.jpg,1.055235147,688.1460891,0.60022452,1810.105682,0
helen/testset/3066644361_1.jpg,0.955351684,765.6615794,0.64843938,1906.049668,0
lfpw/testset/image_0027.png,1.032637967,107.57823,0.60161525,287.831904,0
lfpw/testset/image_0096.png,1.048920555,114.9564474,0.59345186,311.1857841,0
ibug/image_046.jpg,1.0332908,234.4822934,0.57453474,687.4720673,0
lfpw/testset/image_0140.png,0.86264415,101.6751845,0.62732939,299.4945656,0
helen/testset/3198058669_1.jpg,1.090321119,783.6544418,0.619305088,1873.966278,0
helen/testset/2990717111_1.jpg,1.248290838,211.2232131,0.615287186,446.9633598,0
lfpw/testset/image_0146.png,1.039779916,113.1359708,0.564383029,341.5950298,0
lfpw/testset/image_0132.png,0.990637944,75.2281122,0.626757059,193.3154258,0
ibug/image_085.jpg,1.014410233,50.05484424,0.517227405,184.4461459,0
ibug/image_040.jpg,0.911761275,45.26879096,0.531824788,175.528736,0
lfpw/testset/image_0003.png,1.022091128,161.4216432,0.6126653,420.7525332,0
helen/testset/3219850974_1.jpg,1.060081749,293.6339578,0.510712224,1061.977086,0
helen/testset/3219692565_1.jpg,1.174607064,169.8553889,0.580110857,429.7002029,0
helen/testset/3179042789_1.jpg,0.987550927,508.6832493,0.609734944,1385.497155,0
helen/testset/2968784797_1.jpg,1.202672621,1361.819197,0.627015685,2880.152564,0
helen/testset/3008360513_1.jpg,0.989573617,976.8061452,0.600378913,2738.47872,0
ibug/image_072_1.jpg,1.17009917,94.73439372,0.505999806,316.2213637,0
helen/testset/3187824420_2.jpg,1.071085842,443.2347567,0.492929479,1703.135789,0
lfpw/testset/image_0055.png,0.985292698,85.33330566,0.638091836,212.7092752,0
lfpw/testset/image_0029.png,0.959984692,79.36718906,0.564904857,259.0752969,0
lfpw/testset/image_0039.png,1.106660569,84.32273541,0.59766053,213.3152462,0
lfpw/testset/image_0182.png,1.003466876,85.93472747,0.545586092,287.6995037,0
helen/testset/3042677096_1.jpg,1.096220195,336.75572,0.572610442,936.9133957,0
helen/testset/3218864820_1.jpg,0.949655119,778.0485185,0.636795323,2020.398861,0
helen/testset/3075293468_2.jpg,1.143598319,347.0697016,0.588160058,877.3214685,0
helen/testset/3025229116_1.jpg,1.021516648,860.0036901,0.664587119,1906.12357,0
lfpw/testset/image_0177.png,1.115580878,78.31613124,0.530480348,249.4661821,0
helen/testset/3247810519_1.jpg,1.201404628,1117.845995,0.58392633,2728.856411,0
ibug/image_036.jpg,0.970650633,171.4942688,0.678762105,383.4877421,0
helen/testset/2984431316_1.jpg,0.93000787,916.3474901,0.600068664,2736.342442,0
lfpw/testset/image_0168.png,0.979225255,56.62020056,0.579186992,172.3656224,0
ibug/image_035.jpg,1.013392279,187.3988303,0.654323975,431.9203026,0
helen/testset/2998572157_1.jpg,1.016232798,555.5778378,0.69527859,1130.926095,0
lfpw/testset/image_0194.png,1.057123251,107.2747589,0.57877116,302.9426776,0
helen/testset/30427236_1.jpg,1.106098162,253.8617839,0.578359015,686.1337157,0
lfpw/testset/image_0107.png,1.177141244,83.06447037,0.634390707,175.3368677,0
helen/testset/3037891920_1.jpg,1.132350831,379.0807138,0.640395124,816.3108623,0
ibug/image_017_1.jpg,1.153487139,135.5047018,0.522780395,429.8654432,0
helen/testset/2993871777_1.jpg,1.018135104,539.7300656,0.55367602,1729.260038,0
lfpw/testset/image_0032.png,1.035432191,162.0479626,0.558205083,502.2666781,0
lfpw/testset/image_0119.png,0.909498315,106.5708081,0.608576744,316.352965,0
ibug/image_005_1.jpg,1.019594204,99.76677648,0.607449905,265.1781473,0
helen/testset/3220050079_1.jpg,1.079904429,245.060105,0.636181863,560.6929294,0
lfpw/testset/image_0160.png,1.062230743,92.93160684,0.522720335,320.1887693,0
ibug/image_044.jpg,1.015203299,215.3084962,0.500757577,845.7733477,0
helen/testset/3213231361_1.jpg,1.025022491,897.914686,0.602233521,2415.304164,0
lfpw/testset/image_0068.png,1.014766478,132.1690529,0.630314338,327.8306115,0
lfpw/testset/image_0124.png,1.082378776,89.60659009,0.611450073,221.4311381,0
helen/testset/3082881316_1.jpg,1.033707599,533.7948016,0.623906775,1326.591641,0
helen/testset/3012878684_1.jpg,0.929648346,263.6846359,0.540857357,969.6178617,0
helen/testset/3038732539_1.jpg,1.117928662,257.6388334,0.535206704,804.5563208,0
lfpw/testset/image_0166.png,1.072894575,74.0465785,0.595088503,194.8889754,0
helen/testset/3213270807_1.jpg,1.09073787,219.1505216,0.596378601,564.9087275,0
helen/testset/3226773050_1.jpg,1.1740945,206.9243352,0.662054757,402.0878207,0
helen/testset/3036934213_1.jpg,1.067214358,753.6526505,0.660008349,1621.140714,0
lfpw/testset/image_0016.png,1.007023026,71.44769231,0.58911211,204.4339255,0
helen/testset/3049194263_1.jpg,1.248784636,387.1348293,0.56282264,978.6613477,0
lfpw/testset/image_0024.png,0.98559162,69.138947,0.646721258,167.7225012,0
lfpw/testset/image_0188.png,1.121714507,128.8527163,0.675376546,251.8368636,0
helen/testset/3022230063_1.jpg,0.913865164,188.8581206,0.678621524,448.7419809,0
helen/testset/307494478_1.jpg,1.067697123,302.3078596,0.615275814,747.9328225,0
helen/testset/3138241291_1.jpg,0.901648709,612.0961273,0.666957624,1526.109612,0
lfpw/testset/image_0184.png,1.025560605,85.14081368,0.620021437,215.9549022,0
helen/testset/3201388986_1.jpg,1.036465052,259.2907645,0.590683208,717.0105706,0
ibug/image_054.jpg,0.944430446,144.592029,0.576568641,460.5384073,0
lfpw/testset/image_0095.png,0.977835767,98.18085758,0.572843628,305.9768143,0
helen/testset/2968560214_1.jpg,1.070749529,362.2304635,0.626669692,861.4389888,0
helen/testset/308315761_1.jpg,1.028819507,267.095768,0.626207376,662.0520248,0
lfpw/testset/image_0230.png,1.021701797,67.08895087,0.632518048,164.1275039,0
ibug/image_066_1.jpg,1.132815924,230.7112948,0.681588823,438.4079128,0
lfpw/testset/image_0129.png,0.982622146,87.40120894,0.630222903,223.9449358,0
helen/testset/3052055699_2.jpg,0.94886278,639.4025744,0.613350328,1791.235554,0
ibug/image_119.jpg,0.912998018,85.1844643,0.605699781,254.3169782,0
helen/testset/3141909424_1.jpg,1.020429908,630.4798291,0.593141337,1756.191038,0
lfpw/testset/image_0145.png,0.975134192,94.76915628,0.608968749,262.0671686,0
lfpw/testset/image_0015.png,1.098884012,138.02135,0.606465799,341.4951686,0
helen/testset/3213221051_1.jpg,1.006370226,293.3055451,0.588910974,840.3558687,0
ibug/image_027.jpg,1.159349501,135.8824407,0.484685006,498.9278931,0
lfpw/testset/image_0101.png,1.101656747,104.7645418,0.605306416,259.5504019,0
helen/testset/3057639344_1.jpg,1.023565112,205.9209756,0.650466174,475.4838824,0
lfpw/testset/image_0123.png,0.849791147,167.2871301,0.655819224,457.7002683,0
helen/testset/3218991897_1.jpg,1.014748839,219.2431333,0.611458639,577.8749028,0
helen/testset/3198136331_1.jpg,1.016134063,668.7959694,0.588057996,1903.278787,0
helen/testset/3213270807_2.jpg,1.047392182,207.192618,0.558833473,633.435083,0
lfpw/testset/image_0026.png,1.065192759,77.93369552,0.596896944,205.3517658,0
lfpw/testset/image_0186.png,0.998131119,109.1438666,0.59314073,310.8108899,0
helen/testset/3071550860_1.jpg,0.962286008,268.163074,0.54148425,950.4365285,0
ibug/image_102.jpg,1.11298958,73.80729472,0.500990063,264.2104496,0
helen/testset/2988905072_1.jpg,1.119420125,344.527581,0.571726308,941.5742016,0
lfpw/testset/image_0159.png,0.957596362,83.01678292,0.535301794,302.5416193,0
ibug/image_057_1.jpg,1.005368526,233.7502973,0.583450115,682.9981323,0
helen/testset/300852540_1.jpg,1.100263325,189.0830526,0.559214744,549.5402344,0
lfpw/testset/image_0012.png,1.033970844,127.0515456,0.529192882,438.7769322,0
ibug/image_080_2.jpg,1.048605342,60.00752677,0.542159315,194.6886024,0
helen/testset/3227182502_1.jpg,1.001327232,195.8184482,0.631512636,490.3582517,0
ibug/image_043_1.jpg,1.140387763,189.0433592,0.669803616,369.5023856,0
helen/testset/3214115970_3.jpg,1.052342709,192.7787047,0.592101227,522.5292534,0
helen/testset/3213270807_4.jpg,1.05658352,193.1207515,0.587512725,529.5304879,0
helen/testset/3213229323_1.jpg,1.07170616,158.6054474,0.595087422,417.9111361,0
lfpw/testset/image_0065.png,1.088428122,94.7887354,0.602351557,240.0252357,0
lfpw/testset/image_0102.png,0.934556991,109.571145,0.661842954,267.6581669,0
helen/testset/3213211241_1.jpg,1.018770962,472.3886056,0.519262619,1719.684433,0
helen/testset/2998572157_2.jpg,1.081554024,522.4552052,0.62542171,1234.966173,0
helen/testset/3203334240_1.jpg,1.002095403,454.8216059,0.602486206,1250.367858,0
lfpw/testset/image_0008.png,0.990217515,64.24626344,0.562494868,205.0594788,0
ibug/image_107.jpg,0.92323376,90.28683218,0.534135362,342.7756231,0
lfpw/testset/image_0052.png,1.003657063,208.2107203,0.529769838,739.1684159,0
lfpw/testset/image_0157.png,1.033209243,79.69746846,0.672713275,170.4503058,0
helen/testset/3262777136_1.jpg,1.088700155,189.5923171,0.606346941,473.6640476,0
lfpw/testset/image_0023.png,1.032825651,80.3243818,0.589749427,223.6070965,0
lfpw/testset/image_0076.png,1.014399012,114.1583185,0.656959047,260.7487059,0
helen/testset/3234997069_1.jpg,0.919162547,274.9238203,0.577823006,895.8369915,0
lfpw/testset/image_0038.png,0.978711088,70.40008365,0.572690759,219.3199925,0
lfpw/testset/image_0088.png,0.909077515,49.7201718,0.577244546,164.1387824,0
helen/testset/3255410296_1.jpg,0.958758302,380.2117808,0.674703612,871.1437355,0
helen/testset/3038488195_1.jpg,1.091049497,193.6910361,0.611296767,475.073612,0
lfpw/testset/image_0070.png,0.981469524,81.07373816,0.65840891,190.551325,0
helen/testset/3161408082_1.jpg,1.084299737,370.3883633,0.547639957,1138.984576,0
lfpw/testset/image_0094.png,1.084276479,141.0453378,0.550163064,429.7699814,0
lfpw/testset/image_0077.png,0.92607747,67.97119158,0.703235574,148.4140195,0
helen/testset/297461011_1.jpg,0.98313517,263.0406527,0.628240996,677.8865148,0
helen/testset/3222261569_1.jpg,0.937034352,608.174366,0.645277345,1558.756588,0
lfpw/testset/image_0210.png,1.058426339,81.20726542,0.593185969,218.0500295,0
ibug/image_074.jpg,1.035151336,86.42899309,0.505250631,327.0710405,0
helen/testset/3052055699_1.jpg,1.001986169,694.0712943,0.605732011,1887.910116,0
lfpw/testset/image_0061.png,1.08752207,67.73837314,0.580241435,185.0034968,0
helen/testset/3227200268_1.jpg,1.115583531,504.3880845,0.624061569,1160.942308,0
lfpw/testset/image_0126.png,0.999149509,168.650542,0.594212644,478.0501496,0
helen/testset/3051542838_1.jpg,1.157909474,224.6969651,0.615238736,512.6677321,0
lfpw/testset/image_0011.png,0.988209069,106.5702047,0.650187325,255.0996623,0
lfpw/testset/image_0060.png,0.891457056,107.3210606,0.633722244,299.7642166,0
helen/testset/318440234_1.jpg,0.969158441,202.6354152,0.696415494,431.1050379,0
lfpw/testset/image_0021.png,1.075999173,60.99904908,0.594487103,160.4081649,0
lfpw/testset/image_0117.png,1.008355444,82.77387594,0.525272313,297.5162383,0
lfpw/testset/image_0178.png,0.883583709,47.01152193,0.586880449,154.4737591,0
helen/testset/3036412907_4.jpg,1.095776419,209.6584455,0.609445012,515.1354034,0
helen/testset/3236428731_1.jpg,0.965136718,497.2221347,0.556324616,1664.580748,0
helen/testset/3247339235_1.jpg,1.016223841,168.5286309,0.485030132,704.9326053,0
ibug/image_100_05.jpg,1.014466129,35.39104213,0.538074604,120.4962004,0
helen/testset/3214097106_2.jpg,1.002953543,273.285581,0.66234922,621.1004785,0
ibug/image_021_1.jpg,1.070096752,192.1947615,0.616824331,472.0636578,0
lfpw/testset/image_0226.png,1.031062937,82.42077471,0.581794387,236.1635174,0
lfpw/testset/image_0075.png,0.953098838,144.838436,0.637191069,374.2882788,0
helen/testset/3213802370_1.jpg,1.11230974,357.7796008,0.56596327,1004.184358,0
ibug/image_078_1.jpg,1.135536558,84.58297471,0.619046798,194.3725392,0
helen/testset/3052865023_4.jpg,0.988454443,288.2383772,0.662629589,664.1301428,0
ibug/image_065_1.jpg,1.083017491,153.9903252,0.486652212,600.3738062,0
helen/testset/305917477_2.jpg,1.007950885,522.8098902,0.560536965,1650.805506,0
helen/testset/2973812613_1.jpg,0.967447155,593.0240772,0.574693344,1855.971954,0
helen/testset/3218988613_1.jpg,1.082618597,231.7676986,0.568681777,661.9710856,0
lfpw/testset/image_0180.png,0.992731503,106.5460591,0.649652005,254.2985523,0
lfpw/testset/image_0221.png,1.013704491,71.25447474,0.529329688,250.8698544,0
helen/testset/3039319098_1.jpg,1.044144819,136.8398795,0.484308482,558.7381579,0
lfpw/testset/image_0209.png,1.117489709,104.9056569,0.595734007,264.5155719,0
helen/testset/2983130985_1.jpg,1.015385591,378.6849554,0.577756956,1117.267498,0
lfpw/testset/image_0043.png,1.032589803,85.19203219,0.556183958,266.7071553,0
lfpw/testset/image_0009.png,1.019754954,66.60966992,0.661107691,149.4505142,0
helen/testset/3187824420_1.jpg,1.02624543,507.2435843,0.610686075,1325.347106,0
lfpw/testset/image_0128.png,1.036288361,213.8373156,0.644800245,496.3095496,0
helen/testset/2996372177_1.jpg,0.866703002,600.8044774,0.639220325,1696.530634,0
lfpw/testset/image_0223.png,1.094645201,62.2699668,0.590997347,162.8678543,0
lfpw/testset/image_0165.png,0.982403218,114.0049996,0.592034465,331.0854797,0
helen/testset/3241295295_1.jpg,1.080956182,235.7611307,0.458934117,1035.535508,0
lfpw/testset/image_0198.png,1.108871207,78.64228738,0.565462096,221.8035141,0
lfpw/testset/image_0171.png,1.075280213,55.97428824,0.603520909,142.9246318,0
helen/testset/3006104548_1.jpg,1.006950755,181.5542084,0.623628843,463.602533,0
lfpw/testset/image_0161.png,0.965250467,85.27487809,0.578027777,264.4135171,0
helen/testset/3052865023_2.jpg,1.039713314,338.7158331,0.632437029,814.4932153,0
ibug/image_010_1.jpg,1.122350311,82.14648297,0.516328531,274.5447121,0
ibug/image_108.jpg,0.938757732,66.48618466,0.562579778,223.7727503,0
ibug/image_083_2.jpg,1.093801844,68.72439838,0.575264967,189.8652823,0
helen/testset/3213214947_2.jpg,0.953099915,275.8204668,0.57260452,882.6289598,0
lfpw/testset/image_0202.png,1.091431681,82.81966452,0.658461619,175.0163873,0
ibug/image_041_1.jpg,1.039265429,149.5234832,0.581937082,424.846133,0
ibug/image_006.jpg,1.066517731,342.7813972,0.761708217,553.9541453,0
helen/testset/2975463532_1.jpg,1.019544313,340.7980767,0.54189994,1138.289839,0
helen/testset/3000401944_1.jpg,0.976959331,163.1237503,0.538795005,575.1664806,0
lfpw/testset/image_0042.png,0.995684471,90.15316975,0.593478532,257.0687185,0
ibug/image_033_1.jpg,1.147346674,100.6854576,0.551067635,288.9813131,0
helen/testset/2993129254_1.jpg,1.194179562,354.9100685,0.546462661,995.2397416,0
helen/testset/3002568151_2.jpg,1.134579733,359.2511979,0.579691181,942.2625033,0
ibug/image_114_01.jpg,1.155494603,51.70956311,0.494320715,183.1464655,0
lfpw/testset/image_0089.png,1.037272785,93.14828348,0.601930749,247.850202,0
lfpw/testset/image_0105.png,0.914621501,104.492571,0.640993553,278.0574747,0
helen/testset/3070875477_1.jpg,0.969183654,565.6251113,0.600552031,1618.153142,0
lfpw/testset/image_0035.png,1.051492292,68.45094379,0.643971705,156.9783585,0
lfpw/testset/image_0215.png,1.052669222,129.0446274,0.638255143,300.9283254,0
lfpw/testset/image_0053.png,1.065041825,89.88562656,0.673577644,186.0154923,0
helen/testset/323855036_4.jpg,1.164524849,227.8540698,0.598021534,547.1163752,0
helen/testset/3213167447_1.jpg,0.974544359,363.2973185,0.548578263,1238.746083,0
helen/testset/3035040633_1.jpg,0.954379674,209.4927087,0.607694514,594.3976701,0
helen/testset/3180195675_1.jpg,1.159482895,569.0437992,0.552097067,1610.093026,0
helen/testset/3160584865_1.jpg,1.323712686,329.798939,0.595684799,702.1383579,0
lfpw/testset/image_0155.png,1.018160711,85.25825599,0.619516288,218.1800369,0
helen/testset/298620293_1.jpg,1.028364182,534.1307027,0.536352888,1805.509235,0
ibug/image_080_1.jpg,1.020479938,59.38575577,0.535514177,202.9251504,0
lfpw/testset/image_0034.png,1.024904511,97.26688001,0.6346248,235.6399602,0
helen/testset/3213507763_1.jpg,1.088612464,693.0128776,0.518783941,2365.374377,0
helen/testset/3161007246_1.jpg,0.971816656,524.3896334,0.751574779,955.266628,0
helen/testset/3260548295_1.jpg,0.954118938,323.5897514,0.596298935,953.8124048,0
helen/testset/313914487_1.jpg,1.043218566,246.7288128,0.616834047,621.5956008,0
lfpw/testset/image_0239.png,1.011475598,122.4010123,0.599042603,337.2206653,0
helen/testset/2985256877_1.jpg,1.106137042,440.2645336,0.566667492,1239.5047,0
helen/testset/3039925276_1.jpg,0.987378346,936.973019,0.622297377,2450.456285,0
helen/testset/3084329562_1.jpg,0.872633457,489.754752,0.546148727,1881.516461,0
ibug/image_037_1.jpg,1.200166227,241.6347574,0.492085407,831.460541,0
ibug/image_050_01.jpg,1.000195071,33.96039665,0.527071268,122.2219956,0
ibug/image_024_1.jpg,1.155512029,171.4372885,0.657955727,342.7552502,0
helen/testset/3166167569_1.jpg,1.037718056,666.2320141,0.564720438,2013.164823,0
helen/testset/3058776532_1.jpg,0.961895499,299.9930117,0.60678358,847.0626655,0
ibug/image_069_1.jpg,1.087272279,215.3662516,0.515272676,746.0451865,0
helen/testset/3187466455_1.jpg,1.071545723,153.4323497,0.540594149,489.9678737,0
helen/testset/2983659924_1.jpg,1.06001627,748.4353548,0.64124942,1717.070701,0
lfpw/testset/image_0156.png,1.179650809,80.03465658,0.69390552,140.9068587,0
helen/testset/3059991197_1.jpg,0.935339131,246.9746699,0.606183251,718.5791949,0
helen/testset/3214120096_1.jpg,1.057453608,201.5825981,0.548457411,633.7420593,0
helen/testset/3213215243_1.jpg,1.016272086,315.5955635,0.529270243,1108.578027,0
lfpw/testset/image_0227.png,1.032717084,236.6748673,0.62186474,592.6248705,0
lfpw/testset/image_0082.png,1.085031701,59.75148471,0.603782236,151.0588893,0
ibug/image_060_1.jpg,1.062743387,109.611468,0.501201825,410.5944893,0
helen/testset/3214021244_1.jpg,1.079709565,656.551839,0.616068326,1602.154844,0
lfpw/testset/image_0139.png,0.892438138,48.4764824,0.519613175,201.1814576,0
helen/testset/3078332786_1.jpg,1.304808316,217.7097734,0.60068327,462.4237616,0
helen/testset/3214022978_1.jpg,1.073680959,404.8098332,0.587940654,1090.710642,0
helen/testset/3217614198_1.jpg,0.962202505,359.325236,0.664656918,845.326296,0
helen/testset/3051975799_1.jpg,1.057569191,287.0152291,0.540088832,930.3919711,0
helen/testset/3036412907_3.jpg,0.998921789,223.7892731,0.635032063,555.5414552,0
ibug/image_047_1.jpg,1.007375861,172.4787412,0.528026777,614.0903713,0
helen/testset/2980607773_1.jpg,1.080257353,322.0843543,0.647765707,710.5694226,0
ibug/image_092_02.jpg,0.938838809,35.41650027,0.541141996,128.8224138,0
lfpw/testset/image_0142.png,1.005907144,84.82310031,0.506856171,328.2364243,0
ibug/image_081.jpg,1.017489292,33.41917931,0.626537677,83.67045559,0
helen/testset/30542618_1.jpg,1.195876919,254.8846624,0.634112212,530.0600376,0
helen/testset/2973812451_1.jpg,1.228605427,552.0302854,0.547882997,1496.855907,0
helen/testset/3138240967_1.jpg,1.063131527,643.2261941,0.577546536,1813.85706,0
helen/testset/3002247460_1.jpg,1.097709624,294.9285336,0.637900283,660.2733477,0
helen/testset/3181052163_1.jpg,0.922890589,201.6158862,0.657861421,504.7837963,0
ibug/image_101.jpg,0.906472381,79.20955747,0.494726377,357.0116114,0
lfpw/testset/image_0207.png,1.066140891,95.80750635,0.570236092,276.36084,0
lfpw/testset/image_0050.png,1.12712789,139.4812132,0.634406275,307.4760001,0
lfpw/testset/image_0203.png,1.032268549,81.06279796,0.532111577,277.3495064,0
helen/testset/3253427659_1.jpg,0.925603242,209.5062748,0.631859905,566.9311835,0
helen/testset/2970690152_2.jpg,0.980962379,279.367604,0.560331365,907.0529039,0
lfpw/testset/image_0144.png,1.024919494,65.17018153,0.606438595,172.8962587,0
helen/testset/3207706370_2.jpg,1.013497462,251.3922929,0.654444199,579.1406845,0
ibug/image_014_01.jpg,0.846412976,32.27234144,0.474114626,169.6213847,0
lfpw/testset/image_0081.png,1.069988645,58.54333116,0.581461695,161.8288849,0
ibug/image_095.jpg,1.015189985,167.4031371,0.475700319,728.7019351,0
helen/testset/3042655945_1.jpg,0.948453209,156.2055657,0.603653611,451.9647578,0
lfpw/testset/image_0072.png,0.932560213,139.1168068,0.624782758,382.1590485,0
helen/testset/3038768709_1.jpg,0.945523278,756.2839438,0.627616486,2030.593757,0
helen/testset/30427236_2.jpg,1.050656785,192.4200691,0.613308886,486.8905201,0
helen/testset/3266693323_1.jpg,0.976103526,418.2704405,0.654154892,1001.378784,0
helen/testset/3214097106_1.jpg,1.0010708,283.0347734,0.593584542,802.4349723,0
helen/testset/3218990939_1.jpg,1.000675227,263.9196595,0.50320777,1041.559097,0
lfpw/testset/image_0233.png,1.051187434,82.0588876,0.647078376,186.4368216,0
helen/testset/3214010220_3.jpg,1.070731872,231.5536748,0.667901152,484.7821043,0
ibug/image_073.jpg,1.131466231,59.99219514,0.597833091,148.3522169,0
lfpw/testset/image_0108.png,1.10369959,66.47431974,0.636528801,148.6522793,0
helen/testset/3230011778_1.jpg,1.056570573,183.7761992,0.540179491,596.0950784,0
ibug/image_100_02.jpg,0.927471487,30.28228933,0.597951518,91.31786011,0
ibug/image_100_03.jpg,0.9341469,27.24702799,0.548024628,97.11842405,0
helen/testset/3041080378_1.jpg,1.079288655,625.4540352,0.650212021,1370.722641,0
lfpw/testset/image_0149.png,0.989039995,73.90848824,0.600406527,207.2951393,0
helen/testset/3243602421_1.jpg,1.158653776,385.6302098,0.530045208,1184.654053,0
lfpw/testset/image_0179.png,1.021377585,56.85809702,0.69458756,115.3862234,0
helen/testset/3179878396_1.jpg,1.075000442,582.0824627,0.576592246,1628.68964,0
lfpw/testset/image_0121.png,1.012762237,163.1211049,0.60119208,445.6318627,0
lfpw/testset/image_0190.png,0.987055746,76.94054427,0.485568291,330.607303,0